sheet,variable,label,type,storage_dtype,unit,valid_values_or_range,n_nonmissing,n_missing,raw_or_derived,derivation_rule,source_variables,questionnaire_content,instrument
01_Physicians,participant_id,Anonymous physician code (format HEKIM-xxxxxxxxx) linking one physician across every sheet; no name or contact detail is stored.,identifier,object,,304 distinct values,304,0,RAW,Administrative identifier assigned at registration.,,,
01_Physicians,age,Physician age in completed years.,count,int64,years,24.0 to 72.0,304,0,DERIVED,Season reference year minus the reported year of birth.,birth_year,the registration questionnaire asked for the physician's year of birth as a four-digit number,registration questionnaire (Supplement S1)
01_Physicians,age10,"Physician age expressed in units of ten years, so a one-unit change is ten years.",continuous,float64,10-year units,2.4 to 7.2,304,0,DERIVED,Age in years divided by ten.,age,the registration questionnaire asked for the physician's year of birth as a four-digit number,registration questionnaire (Supplement S1)
01_Physicians,female,"1 if the physician is female, 0 if male.",binary,int64,,0=109; 1=195,304,0,DERIVED,"1 if the recorded sex is the female option, 0 otherwise.",sex,"the registration questionnaire asked the physician's biological sex, with the options female and male",registration questionnaire (Supplement S1)
01_Physicians,sees_pat,"1 if the physician performs primary face-to-face patient examination, 0 if they work without direct patient contact.",binary,int64,,0=154; 1=150,304,0,DERIVED,1 if the recorded answer is the face-to-face examination option.,sees_patients,"the registration questionnaire asked whether the physician performs primary face-to-face patient examination, the alternative being a non-clinical or consultant role with no direct patient contact",registration questionnaire (Supplement S1)
01_Physicians,university,1 if the physician works in a public or foundation university hospital.,binary,int64,,0=187; 1=117,304,0,DERIVED,1 if the recorded institution is the university-hospital option.,institution_type,"the registration questionnaire asked which institution or unit the physician works in, offering a Ministry of Health central, provincial or district health directorate or emergency command-control unit; a Ministry of Health family health centre; a Ministry of Health hospital; a public or foundation university hospital; and a private hospital or clinic",registration questionnaire (Supplement S1)
01_Physicians,primarycare,"1 if the physician works in a primary-care or public-health setting, that is a family health centre or a central, provincial or district health directorate.",binary,int64,,0=206; 1=98,304,0,DERIVED,1 if the recorded institution is a family health centre or a health-directorate option.,institution_type,"the registration questionnaire asked which institution or unit the physician works in, offering a Ministry of Health central, provincial or district health directorate or emergency command-control unit; a Ministry of Health family health centre; a Ministry of Health hospital; a public or foundation university hospital; and a private hospital or clinic",registration questionnaire (Supplement S1)
01_Physicians,resident,1 if the physician is a resident in a main or subspecialty training programme.,binary,int64,,0=250; 1=54,304,0,DERIVED,1 if the recorded job title is the resident option.,job_title,"the registration questionnaire asked the physician's current job title, offering general practitioner, resident physician in a main or subspecialty programme, specialist or subspecialty specialist physician, and physician holding an academic title",registration questionnaire (Supplement S1)
01_Physicians,gp,1 if the physician is a general practitioner.,binary,int64,,0=266; 1=38,304,0,DERIVED,1 if the recorded job title is the general-practitioner option.,job_title,"the registration questionnaire asked the physician's current job title, offering general practitioner, resident physician in a main or subspecialty programme, specialist or subspecialty specialist physician, and physician holding an academic title",registration questionnaire (Supplement S1)
01_Physicians,academic,1 if the physician holds an academic title.,binary,int64,,0=211; 1=93,304,0,DERIVED,1 if the recorded job title is the academic-title option.,job_title,"the registration questionnaire asked the physician's current job title, offering general practitioner, resident physician in a main or subspecialty programme, specialist or subspecialty specialist physician, and physician holding an academic title",registration questionnaire (Supplement S1)
01_Physicians,comp_risk_n,Number of the physician's own conditions carrying a high risk of influenza complications.,ordinal,float64,conditions,0=229; 1=50; 2=13; 3=5,297,7,DERIVED,"Count of distinct condition groups marked, with the none option counting as zero.",komorbidite,"the registration questionnaire asked the physician to mark any conditions they have that carry a high risk of influenza or COVID-19 complications, with a mutually exclusive none option and a multi-select list covering respiratory, neurological, blood, endocrine, metabolic and other condition groups, and an option to decline to answer",registration questionnaire (Supplement S1)
01_Physicians,comp_risk_any,1 if the physician reports at least one condition carrying a high risk of influenza complications; physicians who declined to answer are placed in the 0 category.,binary,int64,,0=236; 1=68,304,0,DERIVED,"1 if the condition count is one or more, 0 otherwise, including the declined-to-answer response.",own_complication_risk_n,"the registration questionnaire asked the physician to mark any conditions they have that carry a high risk of influenza or COVID-19 complications, with a mutually exclusive none option and a multi-select list covering respiratory, neurological, blood, endocrine, metabolic and other condition groups, and an option to decline to answer",registration questionnaire (Supplement S1)
01_Physicians,school_kids,Number of children in the household attending an educational institution.,ordinal,float64,children,0=129; 1=81; 2=26; 3=3; 4=2,241,63,RAW,"Recorded answer or administrative field, carried unchanged.",,"the registration questionnaire asked how many children in the household attend an educational institution, from nursery and kindergarten through primary, middle and high school to university",registration questionnaire (Supplement S1)
01_Physicians,school_kids_any,"1 if at least one school-attending child lives in the household. Physicians who live alone are set to 0, since a one-person household cannot contain such a child.",binary,int64,,0=192; 1=112,304,0,DERIVED,"1 if the reported number of school-attending children is one or more; 0 if zero, and 0 for physicians reporting a household size of one with no count recorded.","household_school_children, household_size","the registration questionnaire asked how many children in the household attend an educational institution, from nursery and kindergarten through primary, middle and high school to university",registration questionnaire (Supplement S1)
01_Physicians,smoker_current,"1 if the physician currently uses tobacco, whether occasionally or daily.",binary,int64,,0=243; 1=61,304,0,DERIVED,"1 if tobacco status is occasional or daily, 0 if never or former.",tobacco_status,"the registration questionnaire asked which statement about tobacco-product use applies, distinguishing never use, former use with time since quitting, occasional use, and an open pack-year entry",registration questionnaire (Supplement S1)
01_Physicians,pub_transport_ord,"Daily public-transport time on a 0-3 ordinal scale: 0 does not generally use public transport, 1 up to thirty minutes, 2 thirty-one to ninety minutes, 3 more than ninety minutes.",ordinal,int64,,0=246; 1=18; 2=27; 3=13,304,0,DERIVED,"The ordered bands numbered 0 to 3, with the thirty-one to sixty and sixty-one to ninety minute bands combined into a single thirty-one to ninety minute band.",public_transport_time,"the registration questionnaire asked the average time spent in public transport per day, from generally not using public transport through bands up to more than ninety minutes",registration questionnaire (Supplement S1)
01_Physicians,allergy,1 if the physician reports an allergy causing respiratory symptoms.,binary,int64,,0=184; 1=120,304,0,DERIVED,"1 if the recorded answer is yes, 0 if no.",respiratory_allergy,the registration questionnaire asked whether the physician has an allergy causing respiratory symptoms,registration questionnaire (Supplement S1)
01_Physicians,ili_freq_ord,Self-reported influenza-like-illness frequency on a 0-4 ordinal scale following the five response bands.,ordinal,int64,,0=12; 1=190; 2=81; 3=17; 4=4,304,0,DERIVED,The five ordered response bands numbered 0 to 4 in the order in which they were offered.,ili_freq_per_year,"the registration questionnaire asked how often per year the physician has an influenza-like illness, in five ordered bands: never, once or twice, three or four times, five or six times, and more than six times a year",registration questionnaire (Supplement S1)
01_Physicians,had_ili_prev,1 if the physician had an influenza-like illness requiring attention in the preceding season.,binary,int64,,0=60; 1=244,304,0,DERIVED,"0 if the recorded answer is the no-such-illness option, 1 for every other option.",ili_healthcare_visit_2024_25,"the registration questionnaire asked whether the physician presented to a health-care facility for an influenza-like illness during the preceding season, distinguishing no such illness, self-managed treatment without presenting, at least one outpatient visit, at least one emergency-department visit without admission, and at least one inpatient episode",registration questionnaire (Supplement S1)
01_Physicians,sought_care,1 if the physician presented to a health-care facility for an influenza-like illness in the preceding season. Interpretable only among physicians who had such an illness.,binary,int64,,0=237; 1=67,304,0,DERIVED,"1 if the recorded answer is an outpatient visit, an emergency-department visit or an inpatient episode, 0 for self-managed treatment or no such illness.",ili_healthcare_visit_2024_25,"the registration questionnaire asked whether the physician presented to a health-care facility for an influenza-like illness during the preceding season, distinguishing no such illness, self-managed treatment without presenting, at least one outpatient visit, at least one emergency-department visit without admission, and at least one inpatient episode",registration questionnaire (Supplement S1)
01_Physicians,prev_vax,1 if the physician received an influenza vaccine in the preceding season.,binary,int64,,0=188; 1=116,304,0,DERIVED,"1 if either vaccinated option is recorded, 0 if the not-vaccinated option is recorded.",preceding-season vaccination answer,"the registration questionnaire asked whether the physician received an influenza vaccine in the preceding season, distinguishing no vaccination, vaccination with a vaccine supplied by the institution, and vaccination with a vaccine obtained from a pharmacy",registration questionnaire (Supplement S1)
01_Physicians,vax,1 if the physician received an influenza vaccine in the current season.,binary,int64,,0=203; 1=101,304,0,DERIVED,"1 if a vaccination week is recorded at registration or in any weekly report, 0 if the not-vaccinated option is recorded.",current-season vaccination answer,"the registration questionnaire asked physicians vaccinated in the current season to mark the ISO week of vaccination from a list of dated weeks, with a no-vaccination option",registration questionnaire (Supplement S1)
01_Physicians,active,1 if the physician meets the weekly aerobic physical-activity threshold. This is the physical-activity answer and carries no information about participation in surveillance.,binary,int64,,0=168; 1=136,304,0,DERIVED,"1 if the recorded answer is yes, 0 if no.",physical_activity_ok,the registration questionnaire asked whether the physician performs at least one hundred and fifty minutes of moderate-intensity or seventy-five minutes of vigorous-intensity aerobic physical activity per week,registration questionnaire (Supplement S1)
01_Physicians,hh,"Number of people living in the household, including the physician; the top category is six or more.",ordinal,int64,people,1=69; 2=96; 3=84; 4=43; 5=8; 6=4,304,0,RAW,"Recorded answer or administrative field, carried unchanged.",,"the registration questionnaire asked how many people live in the physician's household including themselves, from living alone through six or more",registration questionnaire (Supplement S1)
01_Physicians,contact_children,1 if the physician has daily close contact with more than ten children or adolescents outside the household and outside health care.,binary,int64,,0=283; 1=21,304,0,DERIVED,"1 if the corresponding social-contact option is marked, 0 if it is not.",social contact answer,"the registration questionnaire asked the physician to mark their close-contact status in social life outside the household and outside health care, offering close daily contact with more than ten people aged eighteen to sixty-five, with more than ten children or adolescents, with more than ten people aged sixty-five and over, and none of these",registration questionnaire (Supplement S1)
01_Physicians,contact_elderly,1 if the physician has daily close contact with more than ten people aged 65 and over outside the household and outside health care.,binary,int64,,0=278; 1=26,304,0,DERIVED,"1 if the corresponding social-contact option is marked, 0 if it is not.",social contact answer,"the registration questionnaire asked the physician to mark their close-contact status in social life outside the household and outside health care, offering close daily contact with more than ten people aged eighteen to sixty-five, with more than ten children or adolescents, with more than ten people aged sixty-five and over, and none of these",registration questionnaire (Supplement S1)
01_Physicians,reported,1 if the physician filed at least one weekly report.,binary,int64,,0=56; 1=248,304,0,DERIVED,"1 if the physician has one or more filed weekly reports, 0 if none.","participant_id, week",,
01_Physicians,n_weeks_reported,"Number of weeks in which the physician filed a report, out of the 33 season weeks.",count,int64,weeks,0.0 to 33.0,304,0,DERIVED,Count of that physician's filed weekly reports.,"participant_id, week",,
01_Physicians,n_symptom_weeks,"Number of weeks in which the physician reported symptoms, new or continuing.",count,int64,weeks,0.0 to 23.0,304,0,DERIVED,Sum of the symptomatic-week indicator within the physician.,symptomatic,,
01_Physicians,any_symptom,1 if the physician reported symptoms in at least one week.,binary,int64,,0=112; 1=192,304,0,DERIVED,1 if the physician's symptomatic-week count is one or more.,n_symptom_weeks,,
01_Physicians,recurrent_2plus,1 if the physician reported two or more episodes over the season.,binary,int64,,0=189; 1=115,304,0,DERIVED,1 if the episode count is two or more.,n_episodes,,
01_Physicians,first_week,ISO year and week of the physician's first weekly report; empty for physicians who never reported.,categorical,object,,28 distinct values,248,56,DERIVED,Earliest reporting week among that physician's filed weekly reports.,week,,
01_Physicians,last_week,ISO year and week of the physician's most recent weekly report; empty for physicians who never reported.,categorical,object,,27 distinct values,248,56,DERIVED,Latest reporting week among that physician's filed weekly reports.,week,,
01_Physicians,attack_rate,Share of that physician's filed weeks in which symptoms were reported; empty for physicians who never reported.,continuous,float64,proportion,0.0 to 1.0,248,56,DERIVED,Symptomatic-week count divided by weeks reported.,"n_symptom_weeks, n_weeks_reported",,
01_Physicians,sex,"Biological sex as recorded, in the original wording.",categorical,object,,Kadın (n=195); Erkek (n=109),304,0,RAW,"Recorded answer or administrative field, carried unchanged.",,"the registration questionnaire asked the physician's biological sex, with the options female and male",registration questionnaire (Supplement S1)
01_Physicians,institution_type,"Type of institution or unit where the physician works, in the original wording.",categorical,object,,Üniversite (Kamu ya da Vakıf) - Hastane (n=117); Sağlık Bakanlığı - Hastane (n=75); Sağlık Bakanlığı: Merkez - İl Sağlık Müdürlüğü - İlçe Sağlık Müdürlüğü - 112 Komuta Kontrol Birimi (n=73); Sağlık Bakanlığı: Aile Sağlığı Merkezi (n=25); Özel Hastane / Klinik (n=14),304,0,RAW,"Recorded answer or administrative field, carried unchanged.",,"the registration questionnaire asked which institution or unit the physician works in, offering a Ministry of Health central, provincial or district health directorate or emergency command-control unit; a Ministry of Health family health centre; a Ministry of Health hospital; a public or foundation university hospital; and a private hospital or clinic",registration questionnaire (Supplement S1)
01_Physicians,job_title,"Current job title, in the original wording.",categorical,object,,Uzman hekim / Yan dal uzmanı hekim (n=119); Akademik ünvanı olan hekim (n=93); Araştırma görevlisi (ana dal veya yan dal) hekim (n=54); Pratisyen hekim (n=38),304,0,RAW,"Recorded answer or administrative field, carried unchanged.",,"the registration questionnaire asked the physician's current job title, offering general practitioner, resident physician in a main or subspecialty programme, specialist or subspecialty specialist physician, and physician holding an academic title",registration questionnaire (Supplement S1)
01_Physicians,n_episodes,Number of separate influenza-like-illness episodes the physician reported over the season.,count,int64,episodes,0.0 to 12.0,304,0,DERIVED,Sum of the new-episode indicator within the physician.,new_episode,,
01_Physicians,n_episodes_A,Number of cluster A episodes the physician reported.,ordinal,int64,episodes,0=234; 1=53; 2=14; 3=2; 4=1,304,0,DERIVED,Sum of the cluster A event indicator within the physician.,event_A,,
01_Physicians,n_episodes_B,Number of cluster B episodes the physician reported.,count,int64,episodes,0.0 to 12.0,304,0,DERIVED,Sum of the cluster B event indicator within the physician.,event_B,,
01_Physicians,n_episodes_C,Number of cluster C episodes the physician reported.,ordinal,int64,episodes,0=276; 1=19; 2=4; 3=4; 4=1,304,0,DERIVED,Sum of the cluster C event indicator within the physician.,event_C,,
01_Physicians,n_episodes_D,Number of cluster D episodes the physician reported.,ordinal,int64,episodes,0=286; 1=16; 2=1; 4=1,304,0,DERIVED,Sum of the cluster D event indicator within the physician.,event_D,,
01_Physicians,vax_week_idx,"Season week index, 1 to 33, in which the vaccine was given; empty for unvaccinated physicians.",count,float64,week number,1.0 to 16.0,91,213,DERIVED,The recorded ISO vaccination week converted to the season week index.,vax_iso_week,"the registration questionnaire asked physicians vaccinated in the current season to mark the ISO week of vaccination from a list of dated weeks, with a no-vaccination option",registration questionnaire (Supplement S1)
01_Physicians,vax_iso_week,ISO week number in which the vaccine was given; empty for unvaccinated physicians.,count,float64,ISO week number,1.0 to 52.0,91,213,RAW,"Recorded answer or administrative field, carried unchanged.",,"the registration questionnaire asked physicians vaccinated in the current season to mark the ISO week of vaccination from a list of dated weeks, with a no-vaccination option",registration questionnaire (Supplement S1)
01_Physicians,reg_week,ISO year and week in which the physician completed registration.,categorical,object,,26 distinct values,248,56,RAW,ISO week label of the registration submission.,,,
01_Physicians,tobacco_status,"Tobacco use in four categories: never, former, occasional, daily.",categorical,object,,never (n=163); former (n=34); occasional (n=29); daily (n=19); unknown (n=3),248,56,DERIVED,"The recorded tobacco answer mapped to never, former, occasional or daily; an open pack-year entry is treated as daily use.",tobacco_use,"the registration questionnaire asked which statement about tobacco-product use applies, distinguishing never use, former use with time since quitting, occasional use, and an open pack-year entry",registration questionnaire (Supplement S1)
01_Physicians,high_risk_unit,"Named clinical unit carrying a high transmission risk, or none of the listed units.",binary,float64,,0=36; 1=76,112,192,RAW,"Recorded answer or administrative field, carried unchanged.",,"the registration questionnaire asked patient-facing physicians whether they work in a unit carrying a high transmission risk, listing the emergency department, infectious diseases and clinical microbiology, chest diseases, anaesthesiology and reanimation or intensive care, otorhinolaryngology, paediatrics, family medicine, and none of these",registration questionnaire (Supplement S1)
01_Physicians,aerosol_ord,"Aerosol-generating-procedure share on a 0-3 ordinal scale: 0 never, 1 less than a tenth of examinations, 2 a tenth to a fifth, 3 more than a fifth.",ordinal,float64,,0=68; 1=27; 2=7; 3=10,112,192,DERIVED,The four ordered response bands numbered 0 to 3 in the order in which they were offered.,aerosol_procedure_pct,"the registration questionnaire asked patient-facing physicians in what share of their examinations aerosol-generating procedures such as intubation, bronchoscopy or respiratory sampling occur, in four ordered bands from never through less than a tenth and a tenth to a fifth to more than a fifth",registration questionnaire (Supplement S1)
01_Physicians,oncall_any,1 if the physician works at least one on-call shift per month.,binary,float64,,0=220; 1=28,248,56,DERIVED,"1 if the reported monthly on-call shift count is one or more, 0 if zero or not applicable.",monthly_oncall_shifts,"the registration questionnaire asked patient-facing physicians how many on-call shifts per month they are primarily responsible for, averaged over the preceding three months",registration questionnaire (Supplement S1)
01_Physicians,pat_per_day,"Number of patients primarily examined per day, averaged over the preceding three months.",count,float64,patients per day,1.0 to 100.0,110,194,RAW,"Recorded answer or administrative field, carried unchanged.",,"the registration questionnaire asked patient-facing physicians how many patients they primarily examine per day, averaged over the preceding three months",registration questionnaire (Supplement S1)
01_Physicians,mask,1 if the physician wears a mask while examining patients face to face; undefined for physicians who see no patients.,binary,float64,,0=69; 1=43,112,192,DERIVED,"1 if the recorded answer is yes, 0 if no.",mask_use,"the registration questionnaire asked patient-facing physicians whether, over the preceding month, they wear a mask while examining patients face to face",registration questionnaire (Supplement S1)
01_Physicians,ili_freq_high,1 if the physician reports three or more influenza-like illnesses per year.,binary,float64,,0=164; 1=84,248,56,DERIVED,"1 if the ordinal frequency level is two or above, 0 otherwise.",ili_freq_ord,"the registration questionnaire asked how often per year the physician has an influenza-like illness, in five ordered bands: never, once or twice, three or four times, five or six times, and more than six times a year",registration questionnaire (Supplement S1)
01_Physicians,smoker_regular,1 if the physician uses tobacco daily.,binary,float64,,0=229; 1=19,248,56,DERIVED,"1 if tobacco status is daily, 0 otherwise.",tobacco_status,"the registration questionnaire asked which statement about tobacco-product use applies, distinguishing never use, former use with time since quitting, occasional use, and an open pack-year entry",registration questionnaire (Supplement S1)
01_Physicians,pub_transport_user,1 if the physician uses public transport at all.,binary,float64,,0=197; 1=51,248,56,DERIVED,1 if the recorded band is anything other than does not generally use public transport.,public_transport_time,"the registration questionnaire asked the average time spent in public transport per day, from generally not using public transport through bands up to more than ninety minutes",registration questionnaire (Supplement S1)
01_Physicians,episode_group,"Episode count grouped as none, one, or two or more.",categorical,object,,2+ (n=115); 0 (n=112); 1 (n=77),304,0,DERIVED,The episode count collapsed into the three groups shown.,n_episodes,,
01_Physicians,cohort_248_reporter,1 if the physician filed at least one weekly report; this marks the reporting cohort used in the person-level analyses.,binary,int64,,0=56; 1=248,304,0,DERIVED,1 if the physician filed at least one weekly report.,reported,,
01_Physicians,cohort_112_primary,1 if the physician both filed weekly reports and examines patients face to face; this marks the subgroup used in the occupational-exposure analyses.,binary,int64,,0=192; 1=112,304,0,DERIVED,1 if the reporting indicator is 1 and the face-to-face examination indicator is 1.,"reported, sees_pat",,
01_Physicians,ili_freq_ord4,"Self-reported susceptibility to influenza-like illness in four ordered levels: 0 never, 1 once or twice a year, 2 three or four times a year, 3 five or more times a year. This is the susceptibility variable used in the individual-level models.",ordinal,int64,,0=12; 1=190; 2=81; 3=21,304,0,DERIVED,"The five ordered response bands collapsed to four by merging the two sparsest upper bands, five or six times a year and more than six times a year, into a single top level.",ili_freq_per_year,"the registration questionnaire asked how often per year the physician has an influenza-like illness, in five ordered bands: never, once or twice, three or four times, five or six times, and more than six times a year",registration questionnaire (Supplement S1)
01_Physicians,comp_risk_any_nan,"1 if the physician reports at least one condition carrying a high risk of influenza complications, 0 if none, and missing for physicians who chose not to answer. This is the comorbidity variable used in the individual-level models.",binary,float64,,0=230; 1=68,298,6,DERIVED,"1 if any condition group is marked, 0 if the none option is marked, missing if the declined-to-answer option is marked.",komorbidite,"the registration questionnaire asked the physician to mark any conditions they have that carry a high risk of influenza or COVID-19 complications, with a mutually exclusive none option and a multi-select list covering respiratory, neurological, blood, endocrine, metabolic and other condition groups, and an option to decline to answer",registration questionnaire (Supplement S1)
01_Physicians,social_risk_score,"Number of kinds of out-of-home close contact the physician has on a typical day, from 0 to 3. Defined for the 248 reporting physicians.",ordinal,float64,contact types (0-3),0=78; 1=147; 2=17; 3=6,248,56,DERIVED,"Sum of the three out-of-home close-contact indicators: more than ten children or adolescents, more than ten adults aged 18-65, and more than ten people aged 65 and over.","temas_cocuk, temas_eriskin, temas_yasli","the registration questionnaire asked the physician to mark their close-contact status in social life outside the household and outside health care, offering close daily contact with more than ten people aged eighteen to sixty-five, with more than ten children or adolescents, with more than ten people aged sixty-five and over, and none of these",registration questionnaire (Supplement S1)
01_Physicians,household_highrisk,"1 if a household member carries a high risk of influenza complications, 0 if none does, and missing for physicians living alone or declining to answer.",binary,float64,,0=133; 1=72,205,99,DERIVED,"1 if the household-risk answer is yes, 0 if no, missing otherwise; the single-living response is left missing and never overwrites an affirmative answer.","household_complication_risk, household_size","the registration questionnaire asked whether one or more household members carry a high risk of influenza or COVID-19 complications, with the options yes, no, I live alone, and I prefer not to answer",registration questionnaire (Supplement S1)
01_Physicians,paeds_patients,1 if the physician's patients are mainly children; undefined for physicians who see no patients.,binary,float64,,0=126; 1=24,150,154,DERIVED,"1 if the recorded primary patient group is children, 0 for any other named group, missing when no group is recorded.",primary_patient_group,"the registration questionnaire asked patient-facing physicians which patient group makes up more than eighty per cent of their patients, offering children, adults, people aged sixty-five and over, and immunosuppressed patients",registration questionnaire (Supplement S1)
01_Physicians,vuln_patients,1 if the physician's patients are mainly people aged 65 and over or immunosuppressed; undefined for physicians who see no patients.,binary,float64,,0=142; 1=8,150,154,DERIVED,"1 if the recorded primary patient group is people aged 65 and over or immunosuppressed, 0 for children or adults, missing when no group is recorded.",primary_patient_group,"the registration questionnaire asked patient-facing physicians which patient group makes up more than eighty per cent of their patients, offering children, adults, people aged sixty-five and over, and immunosuppressed patients",registration questionnaire (Supplement S1)
01_Physicians,primary_patient_group,"Patient group making up more than eighty per cent of the physician's patients: children, adults, people aged 65 and over, or immunosuppressed patients. Defined only for physicians who examine patients face to face.",categorical,object,,Erişkin (n=118); Çocuk (n=24); 65 yaş ve üzeri (n=7); İmmünsüprese (n=1),150,154,RAW,"Recorded answer or administrative field, carried unchanged.",,"the registration questionnaire asked patient-facing physicians which patient group makes up more than eighty per cent of their patients, offering children, adults, people aged sixty-five and over, and immunosuppressed patients",registration questionnaire (Supplement S1)
02_PersonWeeks,participant_id,Anonymous physician code (format HEKIM-xxxxxxxxx) linking one physician across every sheet; no name or contact detail is stored.,categorical,object,,248 distinct values,4729,0,RAW,Administrative identifier assigned at registration.,,,
02_PersonWeeks,week,"ISO year and week label of the reporting week, for example 2025-W40.",categorical,object,,33 distinct values,4729,0,RAW,ISO week label of the reporting week.,,,
02_PersonWeeks,week_idx,Season week counted from the start of surveillance: 1 is 2025-W40 and 33 is 2026-W20.,count,int64,week number (1-33),1.0 to 33.0,4729,0,DERIVED,Rank of the ISO week within the 33-week season window 2025-W40 to 2026-W20.,week,,
02_PersonWeeks,week_start_date,Monday date on which the reporting week begins.,date,datetime64[ns],,2025-09-29 to 2026-05-11,4729,0,DERIVED,ISO week label converted to the Monday of that week.,week,,
02_PersonWeeks,week_end_date,Sunday date on which the reporting week ends.,date,datetime64[ns],,2025-10-05 to 2026-05-17,4729,0,DERIVED,Week start date plus six days.,week,,
02_PersonWeeks,symptom_raw,"The weekly symptom answer exactly as recorded: no symptoms, a new illness beginning this week, or an illness already under way continuing.",categorical,object,,HAYIR (n=4129); EVET (n=497); EVET2 (n=103),4729,0,RAW,"Recorded answer or administrative field, carried unchanged.",,"the weekly reporting form asked whether the physician had symptoms of an influenza-like illness in the past week, and the form ended for those answering no",weekly reporting form (Supplement S1)
02_PersonWeeks,symptom_status,"The weekly symptom answer in English: none, new, or ongoing.",categorical,object,,none (n=4129); new (n=497); ongoing (n=103),4729,0,DERIVED,"The recorded weekly symptom answer translated to none, new or ongoing.",symptom_raw,"the weekly reporting form asked whether the physician had symptoms of an influenza-like illness in the past week, and the form ended for those answering no",weekly reporting form (Supplement S1)
02_PersonWeeks,symptomatic,"1 if the physician had influenza-like-illness symptoms that week, whether the illness was new or continuing.",binary,int64,,0=4129; 1=600,4729,0,DERIVED,"1 if the weekly symptom answer is either a new or a continuing illness, 0 if no symptoms.",symptom_raw,"the weekly reporting form asked whether the physician had symptoms of an influenza-like illness in the past week, and the form ended for those answering no",weekly reporting form (Supplement S1)
02_PersonWeeks,new_episode,"1 only in the week a new illness began, so summing this column counts episodes rather than weeks of illness.",binary,int64,,0=4232; 1=497,4729,0,DERIVED,"1 if the weekly symptom answer is a new illness, 0 otherwise.",symptom_raw,"the weekly reporting form asked whether the physician had symptoms of an influenza-like illness in the past week, and the form ended for those answering no",weekly reporting form (Supplement S1)
02_PersonWeeks,episode_id,"Code for one illness episode, formed as the physician code followed by an episode sequence number, so the weeks belonging to one illness group together.",identifier,object,,497 distinct values,600,4129,DERIVED,Physician code concatenated with the within-physician episode sequence number.,participant_id,,
02_PersonWeeks,episode_week,"Position of this week within its episode: 1 for the onset week, 2 for a continuation week.",ordinal,float64,,1=497; 2=103,600,4129,DERIVED,"Rank of the week within the episode, ordered by week.","episode_id, week_idx",,
02_PersonWeeks,agent_cluster,"The physician's clinical judgement of the likely agent group, in the original wording: cluster A viral with systemic effect, cluster B viral with local effect, cluster C bacterial, cluster D indistinguishable.",categorical,object,,B KÜMESİ (Viral - Lokal Etki) (n=428); A KÜMESİ (Viral - Sistemik Etki) (n=97); C KÜMESİ (Bakteriyel etkenler) (n=50); D Kümesi: Ayırt edemem/Bilmiyorum (n=25),600,4129,RAW,"Recorded answer or administrative field, carried unchanged.",,"the weekly reporting form asked the physician to judge from clinical experience which agent group could be causing the symptoms, offering cluster A viral with systemic effect, cluster B viral with local effect, cluster C bacterial agents, and cluster D indistinguishable",weekly reporting form (Supplement S1)
02_PersonWeeks,agent_A,"1 in any symptomatic week judged to be cluster A, whether the week is an onset or a continuation week.",binary,int64,,0=4632; 1=97,4729,0,DERIVED,"1 if the agent group for that week is A, 0 otherwise.",agent_cluster,"the weekly reporting form asked the physician to judge from clinical experience which agent group could be causing the symptoms, offering cluster A viral with systemic effect, cluster B viral with local effect, cluster C bacterial agents, and cluster D indistinguishable",weekly reporting form (Supplement S1)
02_PersonWeeks,daily_routine_impact,"Whether the daily routine changed because of the illness, in the original wording, distinguishing no change, change without time off work, time off work with outpatient follow-up, and time off work with inpatient follow-up.",categorical,object,,Evet - ancak İŞE ARA VEREMEDİM (n=43); Evet - İŞE ARA VERDİM: Ayaktan izlem ve tedavi (n=31); Hayır değişmedi - günlük aktivitelerime her zamanki gibi devam edebildim (n=22); Evet - İŞE ARA VERDİM: Yatış Gerektiren izlem ve tedavi (n=1),97,4632,RAW,"Recorded answer or administrative field, carried unchanged.",,"the weekly reporting form asked whether the daily routine changed because of the illness, distinguishing no change, change without being able to take time off work, time off work with outpatient follow-up, and time off work with inpatient follow-up",weekly reporting form (Supplement S1)
02_PersonWeeks,medication_use,"Medication used to relieve symptoms, in the original wording, distinguishing no need for medication, non-steroidal anti-inflammatory drugs, antivirals, antibiotics and inpatient treatment.",categorical,object,,"Ayaktan İzlem ve Tedavi: Nonsteroid Antiinflamatuar İlaç (örn. parasetamol; ibuprofen; aspirin vb.) (n=63); İlaç kullanma ihtiyacım olmadı (n=14); Ayaktan İzlem ve Tedavi: Nonsteroid Antiinflamatuar İlaç (örn. parasetamol; ibuprofen; aspirin vb.), Ayaktan İzlem ve Tedavi: Antiviral İlaçlar (örn. oseltamivir) (n=9); Ayaktan İzlem ve Tedavi: Antiviral İlaçlar (örn. oseltamivir) (n=5); Ayaktan İzlem ve Tedavi: Antibiyotik İlaçlar (n=2); Yatış Gerektiren İzlem ve Tedavi (n=2); Ayaktan İzlem ve Tedavi: Antiviral İlaçlar (örn. oseltamivir), Ayaktan İzlem ve Tedavi: Antibiyotik İlaçlar (n=1); Ayaktan İzlem ve Tedavi: Nonsteroid Antiinflamatuar İlaç (örn. parasetamol; ibuprofen; aspirin vb.), Ayaktan İzlem ve Tedavi: Antibiyotik İlaçlar (n=1)",97,4632,RAW,"Recorded answer or administrative field, carried unchanged.",,"the weekly reporting form asked whether medication was used to relieve symptoms, distinguishing no need for medication, non-steroidal anti-inflammatory drugs, antivirals, antibiotics, and inpatient treatment",weekly reporting form (Supplement S1)
02_PersonWeeks,symptom_duration_days,"Number of days the symptoms lasted, as reported for that week.",count,float64,days,1.0 to 21.0,97,4632,RAW,"Recorded answer or administrative field, carried unchanged.",,the weekly reporting form asked how many days the symptoms lasted,weekly reporting form (Supplement S1)
02_PersonWeeks,source_text,"Likely source of the symptoms, in the original wording, distinguishing a health-care-related source, a symptomatic household member, another source outside health care and the household, and not knowing.",categorical,object,,9 distinct values,97,4632,RAW,"Recorded answer or administrative field, carried unchanged.",,"the weekly reporting form asked the likely source of the symptoms, offering a health-care-related source, contact with a symptomatic household member, contact with another source outside health care and the household, and not knowing",weekly reporting form (Supplement S1)
02_PersonWeeks,source_unknown,1 if the physician could not identify a likely source of the illness.,binary,float64,,0=83; 1=14,97,4632,DERIVED,"1 if the recorded source answer is the do-not-know option, 0 otherwise.",source_text,"the weekly reporting form asked the likely source of the symptoms, offering a health-care-related source, contact with a symptomatic household member, contact with another source outside health care and the household, and not knowing",weekly reporting form (Supplement S1)
02_PersonWeeks,source_household,1 if the likely source was contact with a symptomatic household member.,binary,float64,,0=58; 1=39,97,4632,DERIVED,"1 if the recorded source answer is the household-contact option, 0 otherwise.",source_text,"the weekly reporting form asked the likely source of the symptoms, offering a health-care-related source, contact with a symptomatic household member, contact with another source outside health care and the household, and not knowing",weekly reporting form (Supplement S1)
02_PersonWeeks,source_healthcare,1 if the likely source was health-care related.,binary,float64,,0=70; 1=27,97,4632,DERIVED,"1 if the recorded source answer is the health-care-related option, 0 otherwise.",source_text,"the weekly reporting form asked the likely source of the symptoms, offering a health-care-related source, contact with a symptomatic household member, contact with another source outside health care and the household, and not knowing",weekly reporting form (Supplement S1)
02_PersonWeeks,source_social,1 if the likely source was contact outside health care and outside the household.,binary,float64,,0=69; 1=28,97,4632,DERIVED,"1 if the recorded source answer is the other-outside-source option, 0 otherwise.",source_text,"the weekly reporting form asked the likely source of the symptoms, offering a health-care-related source, contact with a symptomatic household member, contact with another source outside health care and the household, and not knowing",weekly reporting form (Supplement S1)
02_PersonWeeks,diagnostic_test,"Whether the physician was tested for the causative agent and with what result, in the original wording, covering no test, a planned test, and polymerase-chain-reaction or rapid tests with influenza-positive, SARS-CoV-2-positive, dual-positive or negative results.",categorical,object,,TEST YAPTIRMADIM (n=91); PCR Yaptırdım: Sonuç NEGATİF (n=2); HIZLI TEST YAPTIRDIM: İnfluenza Pozitif (n=2); Hızlı Test Yaptırdım: Sonuç NEGATİF (n=1); Henüz yaptırmadım; ancak kısa süre içinde test yaptırmayı planlıyorum (n=1),97,4632,RAW,"Recorded answer or administrative field, carried unchanged.",,"the weekly reporting form asked whether the physician was tested for the causative agent, distinguishing no test, a planned test, and polymerase-chain-reaction or rapid tests with influenza-positive, SARS-CoV-2-positive, dual-positive or negative results",weekly reporting form (Supplement S1)
02_PersonWeeks,vax_week_idx,"Season week index, 1 to 33, in which the vaccine was given; empty for unvaccinated physicians.",count,float64,week number,1.0 to 16.0,1874,2855,DERIVED,The recorded ISO vaccination week converted to the season week index.,vax_iso_week,"the registration questionnaire asked physicians vaccinated in the current season to mark the ISO week of vaccination from a list of dated weeks, with a no-vaccination option",registration questionnaire (Supplement S1)
02_PersonWeeks,vax_protected,"1 from two weeks after the vaccination week onward, marking person-weeks in which vaccine protection is assumed to be established; weeks between vaccination and that point count as unprotected.",binary,int64,,0=3116; 1=1613,4729,0,DERIVED,"1 if the physician is vaccinated and the season week index is at least two greater than the vaccination week index, 0 otherwise.","vax, week_idx, vax_week_idx","the registration questionnaire asked physicians vaccinated in the current season to mark the ISO week of vaccination from a list of dated weeks, with a no-vaccination option",registration questionnaire (Supplement S1)
02_PersonWeeks,reg_week,ISO year and week in which the physician completed registration.,categorical,object,,26 distinct values,4729,0,RAW,ISO week label of the registration submission.,,,
02_PersonWeeks,birth_year,Year of birth as a four-digit number.,count,int64,calendar year,1953.0 to 2000.0,4729,0,RAW,"Recorded answer or administrative field, carried unchanged.",,the registration questionnaire asked for the physician's year of birth as a four-digit number,registration questionnaire (Supplement S1)
02_PersonWeeks,age,Physician age in completed years.,count,int64,years,25.0 to 72.0,4729,0,DERIVED,Season reference year minus the reported year of birth.,birth_year,the registration questionnaire asked for the physician's year of birth as a four-digit number,registration questionnaire (Supplement S1)
02_PersonWeeks,age_band,"Age in four bands: under 35, 35-44, 45-54, and 55 or older.",categorical,object,,<35 (n=1815); 35-44 (n=1485); 55+ (n=818); 45-54 (n=611),4729,0,DERIVED,Age in years grouped into the four bands shown.,age,the registration questionnaire asked for the physician's year of birth as a four-digit number,registration questionnaire (Supplement S1)
02_PersonWeeks,age10,"Physician age expressed in units of ten years, so a one-unit change is ten years.",continuous,float64,10-year units,2.5 to 7.2,4729,0,DERIVED,Age in years divided by ten.,age,the registration questionnaire asked for the physician's year of birth as a four-digit number,registration questionnaire (Supplement S1)
02_PersonWeeks,sex,"Biological sex as recorded, in the original wording.",categorical,object,,Kadın (n=2939); Erkek (n=1790),4729,0,RAW,"Recorded answer or administrative field, carried unchanged.",,"the registration questionnaire asked the physician's biological sex, with the options female and male",registration questionnaire (Supplement S1)
02_PersonWeeks,female,"1 if the physician is female, 0 if male.",binary,int64,,0=1790; 1=2939,4729,0,DERIVED,"1 if the recorded sex is the female option, 0 otherwise.",sex,"the registration questionnaire asked the physician's biological sex, with the options female and male",registration questionnaire (Supplement S1)
02_PersonWeeks,province_code,Two-digit provincial licence-plate number of the institution where the physician works.,count,int64,province number,2.0 to 81.0,4729,0,RAW,"Recorded answer or administrative field, carried unchanged.",,"the registration questionnaire asked for the province of the institution where the physician works, entered as the two-digit provincial licence-plate number",registration questionnaire (Supplement S1)
02_PersonWeeks,institution_type,"Type of institution or unit where the physician works, in the original wording.",categorical,object,,Üniversite (Kamu ya da Vakıf) - Hastane (n=2246); Sağlık Bakanlığı: Merkez - İl Sağlık Müdürlüğü - İlçe Sağlık Müdürlüğü - 112 Komuta Kontrol Birimi (n=1230); Sağlık Bakanlığı - Hastane (n=846); Sağlık Bakanlığı: Aile Sağlığı Merkezi (n=244); Özel Hastane / Klinik (n=163),4729,0,RAW,"Recorded answer or administrative field, carried unchanged.",,"the registration questionnaire asked which institution or unit the physician works in, offering a Ministry of Health central, provincial or district health directorate or emergency command-control unit; a Ministry of Health family health centre; a Ministry of Health hospital; a public or foundation university hospital; and a private hospital or clinic",registration questionnaire (Supplement S1)
02_PersonWeeks,job_title,"Current job title, in the original wording.",categorical,object,,Akademik ünvanı olan hekim (n=1791); Uzman hekim / Yan dal uzmanı hekim (n=1714); Araştırma görevlisi (ana dal veya yan dal) hekim (n=806); Pratisyen hekim (n=418),4729,0,RAW,"Recorded answer or administrative field, carried unchanged.",,"the registration questionnaire asked the physician's current job title, offering general practitioner, resident physician in a main or subspecialty programme, specialist or subspecialty specialist physician, and physician holding an academic title",registration questionnaire (Supplement S1)
02_PersonWeeks,sees_patients,"Participation in patient examination, in the original wording: face-to-face examination, or a non-clinical or consultant role with no direct patient contact.",categorical,object,,Primer (yüz yüze) hasta muayene etmeyen - Klinik olmayan alan veya Konsültan (hasta ile doğrudan temas yok) (n=2941); Primer (yüz yüze) hasta muayene eden hekim (n=1788),4729,0,RAW,"Recorded answer or administrative field, carried unchanged.",,"the registration questionnaire asked whether the physician performs primary face-to-face patient examination, the alternative being a non-clinical or consultant role with no direct patient contact",registration questionnaire (Supplement S1)
02_PersonWeeks,sees_pat,"1 if the physician performs primary face-to-face patient examination, 0 if they work without direct patient contact.",binary,int64,,0=2941; 1=1788,4729,0,DERIVED,1 if the recorded answer is the face-to-face examination option.,sees_patients,"the registration questionnaire asked whether the physician performs primary face-to-face patient examination, the alternative being a non-clinical or consultant role with no direct patient contact",registration questionnaire (Supplement S1)
02_PersonWeeks,high_risk_unit_flag,1 if the physician names any of the listed high-transmission-risk units rather than none.,binary,float64,,0=606; 1=1182,1788,2941,DERIVED,1 if the recorded unit is any listed unit other than the none option; undefined for physicians who see no patients.,high_risk_unit,"the registration questionnaire asked patient-facing physicians whether they work in a unit carrying a high transmission risk, listing the emergency department, infectious diseases and clinical microbiology, chest diseases, anaesthesiology and reanimation or intensive care, otorhinolaryngology, paediatrics, family medicine, and none of these",registration questionnaire (Supplement S1)
02_PersonWeeks,hru,1 if the physician names any of the listed high-transmission-risk units rather than none; a duplicate of the high-risk-unit indicator carried for convenience.,binary,float64,,0=606; 1=1182,1788,2941,DERIVED,Identical to high_risk_unit_flag.,high_risk_unit_flag,"the registration questionnaire asked patient-facing physicians whether they work in a unit carrying a high transmission risk, listing the emergency department, infectious diseases and clinical microbiology, chest diseases, anaesthesiology and reanimation or intensive care, otorhinolaryngology, paediatrics, family medicine, and none of these",registration questionnaire (Supplement S1)
02_PersonWeeks,high_risk_unit,"Named clinical unit carrying a high transmission risk, or none of the listed units.",categorical,object,,Hiçbiri (n=606); Aile Hekimliği (n=340); Enfeksiyon Hastalıkları ve Klinik Mikrobiyoloji (n=313); Pediatri (n=307); Acil Servis (n=95); Anestezi ve Reanimasyon / Yoğun Bakım (n=72); Göğüs Hastalıkları (n=55),1788,2941,RAW,"Recorded answer or administrative field, carried unchanged.",,"the registration questionnaire asked patient-facing physicians whether they work in a unit carrying a high transmission risk, listing the emergency department, infectious diseases and clinical microbiology, chest diseases, anaesthesiology and reanimation or intensive care, otorhinolaryngology, paediatrics, family medicine, and none of these",registration questionnaire (Supplement S1)
02_PersonWeeks,primary_patient_group,"Patient group making up more than eighty per cent of the physician's patients: children, adults, people aged 65 and over, or immunosuppressed patients. Defined only for physicians who examine patients face to face.",categorical,object,,Erişkin (n=1318); Çocuk (n=395); 65 yaş ve üzeri (n=66); İmmünsüprese (n=9),1788,2941,RAW,"Recorded answer or administrative field, carried unchanged.",,"the registration questionnaire asked patient-facing physicians which patient group makes up more than eighty per cent of their patients, offering children, adults, people aged sixty-five and over, and immunosuppressed patients",registration questionnaire (Supplement S1)
02_PersonWeeks,patients_per_day,"Number of patients primarily examined per day, averaged over the preceding three months.",count,float64,patients per day,1.0 to 100.0,1766,2963,RAW,"Recorded answer or administrative field, carried unchanged.",,"the registration questionnaire asked patient-facing physicians how many patients they primarily examine per day, averaged over the preceding three months",registration questionnaire (Supplement S1)
02_PersonWeeks,pat_per_day,"Number of patients primarily examined per day, averaged over the preceding three months.",count,float64,patients per day,1.0 to 100.0,1766,2963,RAW,"Recorded answer or administrative field, carried unchanged.",,"the registration questionnaire asked patient-facing physicians how many patients they primarily examine per day, averaged over the preceding three months",registration questionnaire (Supplement S1)
02_PersonWeeks,aerosol_procedure_pct,"Share of examinations involving aerosol-generating procedures, in four ordered bands, in the original wording.",categorical,object,percent band,Hiç gerçekleştirmiyor (n=1199); %10'dan az (n=418); %20'den fazla (n=105); %10-20 (n=66),1788,2941,RAW,"Recorded answer or administrative field, carried unchanged.",,"the registration questionnaire asked patient-facing physicians in what share of their examinations aerosol-generating procedures such as intubation, bronchoscopy or respiratory sampling occur, in four ordered bands from never through less than a tenth and a tenth to a fifth to more than a fifth",registration questionnaire (Supplement S1)
02_PersonWeeks,aerosol_ord,"Aerosol-generating-procedure share on a 0-3 ordinal scale: 0 never, 1 less than a tenth of examinations, 2 a tenth to a fifth, 3 more than a fifth.",ordinal,float64,,0=1199; 1=418; 2=66; 3=105,1788,2941,DERIVED,The four ordered response bands numbered 0 to 3 in the order in which they were offered.,aerosol_procedure_pct,"the registration questionnaire asked patient-facing physicians in what share of their examinations aerosol-generating procedures such as intubation, bronchoscopy or respiratory sampling occur, in four ordered bands from never through less than a tenth and a tenth to a fifth to more than a fifth",registration questionnaire (Supplement S1)
02_PersonWeeks,monthly_oncall_shifts,"Number of on-call shifts per month for which the physician is primarily responsible, averaged over the preceding three months.",count,float64,shifts per month,0.0 to 9.0,1788,2941,RAW,"Recorded answer or administrative field, carried unchanged.",,"the registration questionnaire asked patient-facing physicians how many on-call shifts per month they are primarily responsible for, averaged over the preceding three months",registration questionnaire (Supplement S1)
02_PersonWeeks,oncall_n,Number of on-call shifts per month for which the physician is primarily responsible.,count,float64,shifts per month,0.0 to 9.0,1788,2941,RAW,"Recorded answer or administrative field, carried unchanged.",,"the registration questionnaire asked patient-facing physicians how many on-call shifts per month they are primarily responsible for, averaged over the preceding three months",registration questionnaire (Supplement S1)
02_PersonWeeks,oncall_any,1 if the physician works at least one on-call shift per month.,binary,int64,,0=4374; 1=355,4729,0,DERIVED,"1 if the reported monthly on-call shift count is one or more, 0 if zero or not applicable.",monthly_oncall_shifts,"the registration questionnaire asked patient-facing physicians how many on-call shifts per month they are primarily responsible for, averaged over the preceding three months",registration questionnaire (Supplement S1)
02_PersonWeeks,mask_use,"Mask use while examining patients face to face over the preceding month, in the original wording.",categorical,object,,Hayır (n=1267); Evet (n=521),1788,2941,RAW,"Recorded answer or administrative field, carried unchanged.",,"the registration questionnaire asked patient-facing physicians whether, over the preceding month, they wear a mask while examining patients face to face",registration questionnaire (Supplement S1)
02_PersonWeeks,mask,1 if the physician wears a mask while examining patients face to face; undefined for physicians who see no patients.,binary,float64,,0=1267; 1=521,1788,2941,DERIVED,"1 if the recorded answer is yes, 0 if no.",mask_use,"the registration questionnaire asked patient-facing physicians whether, over the preceding month, they wear a mask while examining patients face to face",registration questionnaire (Supplement S1)
02_PersonWeeks,household_size,"Number of people living in the household, including the physician; the top category is six or more.",ordinal,int64,people,1=937; 2=1513; 3=1326; 4=819; 5=110; 6=24,4729,0,RAW,"Recorded answer or administrative field, carried unchanged.",,"the registration questionnaire asked how many people live in the physician's household including themselves, from living alone through six or more",registration questionnaire (Supplement S1)
02_PersonWeeks,hh,"Number of people living in the household, including the physician; the top category is six or more.",ordinal,int64,people,1=937; 2=1513; 3=1326; 4=819; 5=110; 6=24,4729,0,RAW,"Recorded answer or administrative field, carried unchanged.",,"the registration questionnaire asked how many people live in the physician's household including themselves, from living alone through six or more",registration questionnaire (Supplement S1)
02_PersonWeeks,own_complication_risk_n,Number of the physician's own conditions carrying a high risk of influenza complications.,ordinal,float64,conditions,0=3612; 1=722; 2=270; 3=64,4668,61,DERIVED,"Count of distinct condition groups marked, with the none option counting as zero.",komorbidite,"the registration questionnaire asked the physician to mark any conditions they have that carry a high risk of influenza or COVID-19 complications, with a mutually exclusive none option and a multi-select list covering respiratory, neurological, blood, endocrine, metabolic and other condition groups, and an option to decline to answer",registration questionnaire (Supplement S1)
02_PersonWeeks,comp_risk,Number of the physician's own conditions carrying a high risk of influenza complications.,ordinal,float64,conditions,0=3612; 1=722; 2=270; 3=64,4668,61,DERIVED,"Count of distinct condition groups marked, with the none option counting as zero.",komorbidite,"the registration questionnaire asked the physician to mark any conditions they have that carry a high risk of influenza or COVID-19 complications, with a mutually exclusive none option and a multi-select list covering respiratory, neurological, blood, endocrine, metabolic and other condition groups, and an option to decline to answer",registration questionnaire (Supplement S1)
02_PersonWeeks,comp_risk_any,1 if the physician reports at least one condition carrying a high risk of influenza complications; physicians who declined to answer are placed in the 0 category.,binary,int64,,0=3673; 1=1056,4729,0,DERIVED,"1 if the condition count is one or more, 0 otherwise, including the declined-to-answer response.",own_complication_risk_n,"the registration questionnaire asked the physician to mark any conditions they have that carry a high risk of influenza or COVID-19 complications, with a mutually exclusive none option and a multi-select list covering respiratory, neurological, blood, endocrine, metabolic and other condition groups, and an option to decline to answer",registration questionnaire (Supplement S1)
02_PersonWeeks,household_complication_risk,"Whether a household member carries a high risk of influenza complications, coded 1 for yes and 2 for no; missing for physicians who live alone or who chose not to answer.",ordinal,float64,,1=1345; 2=2505,3850,879,RAW,"Recorded answer or administrative field, carried unchanged.",,"the registration questionnaire asked whether one or more household members carry a high risk of influenza or COVID-19 complications, with the options yes, no, I live alone, and I prefer not to answer",registration questionnaire (Supplement S1)
02_PersonWeeks,household_school_children,Number of children in the household attending an educational institution.,ordinal,float64,children,0=1931; 1=1352; 2=520; 3=46; 4=1,3850,879,RAW,"Recorded answer or administrative field, carried unchanged.",,"the registration questionnaire asked how many children in the household attend an educational institution, from nursery and kindergarten through primary, middle and high school to university",registration questionnaire (Supplement S1)
02_PersonWeeks,school_kids,Number of children in the household attending an educational institution.,ordinal,float64,children,0=1931; 1=1352; 2=520; 3=46; 4=1,3850,879,RAW,"Recorded answer or administrative field, carried unchanged.",,"the registration questionnaire asked how many children in the household attend an educational institution, from nursery and kindergarten through primary, middle and high school to university",registration questionnaire (Supplement S1)
02_PersonWeeks,school_kids_any,"1 if at least one school-attending child lives in the household. Physicians who live alone are set to 0, since a one-person household cannot contain such a child.",binary,int64,,0=2810; 1=1919,4729,0,DERIVED,"1 if the reported number of school-attending children is one or more; 0 if zero, and 0 for physicians reporting a household size of one with no count recorded.","household_school_children, household_size","the registration questionnaire asked how many children in the household attend an educational institution, from nursery and kindergarten through primary, middle and high school to university",registration questionnaire (Supplement S1)
02_PersonWeeks,tobacco_use,"Tobacco-product use, in the original wording, distinguishing never use, former use with time since quitting, occasional use, and an open pack-year entry.",categorical,object,,18 distinct values,4710,19,RAW,"Recorded answer or administrative field, carried unchanged.",,"the registration questionnaire asked which statement about tobacco-product use applies, distinguishing never use, former use with time since quitting, occasional use, and an open pack-year entry",registration questionnaire (Supplement S1)
02_PersonWeeks,tobacco_status,"Tobacco use in four categories: never, former, occasional, daily.",categorical,object,,never (n=3127); former (n=725); occasional (n=503); daily (n=354); unknown (n=20),4729,0,DERIVED,"The recorded tobacco answer mapped to never, former, occasional or daily; an open pack-year entry is treated as daily use.",tobacco_use,"the registration questionnaire asked which statement about tobacco-product use applies, distinguishing never use, former use with time since quitting, occasional use, and an open pack-year entry",registration questionnaire (Supplement S1)
02_PersonWeeks,smoker_current,"1 if the physician currently uses tobacco, whether occasionally or daily.",binary,int64,,0=3872; 1=857,4729,0,DERIVED,"1 if tobacco status is occasional or daily, 0 if never or former.",tobacco_status,"the registration questionnaire asked which statement about tobacco-product use applies, distinguishing never use, former use with time since quitting, occasional use, and an open pack-year entry",registration questionnaire (Supplement S1)
02_PersonWeeks,smoker_regular,1 if the physician uses tobacco daily.,binary,int64,,0=4375; 1=354,4729,0,DERIVED,"1 if tobacco status is daily, 0 otherwise.",tobacco_status,"the registration questionnaire asked which statement about tobacco-product use applies, distinguishing never use, former use with time since quitting, occasional use, and an open pack-year entry",registration questionnaire (Supplement S1)
02_PersonWeeks,public_transport_time,"Average time spent in public transport per day, in ordered bands, in the original wording.",categorical,object,minutes per day,Genellikle toplu taşıma kullanmıyorum (n=3551); 31-90 dakika (n=454); 0-30 dakika (n=413); 90 dakikadan fazla (n=268); 31-60 dakika (n=31); 61-90 dakika (n=12),4729,0,RAW,"Recorded answer or administrative field, carried unchanged.",,"the registration questionnaire asked the average time spent in public transport per day, from generally not using public transport through bands up to more than ninety minutes",registration questionnaire (Supplement S1)
02_PersonWeeks,pub_transport_user,1 if the physician uses public transport at all.,binary,int64,,0=3551; 1=1178,4729,0,DERIVED,1 if the recorded band is anything other than does not generally use public transport.,public_transport_time,"the registration questionnaire asked the average time spent in public transport per day, from generally not using public transport through bands up to more than ninety minutes",registration questionnaire (Supplement S1)
02_PersonWeeks,pub_transport_ord,"Daily public-transport time on a 0-3 ordinal scale: 0 does not generally use public transport, 1 up to thirty minutes, 2 thirty-one to ninety minutes, 3 more than ninety minutes.",ordinal,int64,,0=3551; 1=413; 2=485; 3=280,4729,0,DERIVED,"The ordered bands numbered 0 to 3, with the thirty-one to sixty and sixty-one to ninety minute bands combined into a single thirty-one to ninety minute band.",public_transport_time,"the registration questionnaire asked the average time spent in public transport per day, from generally not using public transport through bands up to more than ninety minutes",registration questionnaire (Supplement S1)
02_PersonWeeks,respiratory_allergy,"Allergy causing respiratory symptoms, in the original wording.",categorical,object,,Hayır (n=2960); Evet (n=1754),4714,15,RAW,"Recorded answer or administrative field, carried unchanged.",,the registration questionnaire asked whether the physician has an allergy causing respiratory symptoms,registration questionnaire (Supplement S1)
02_PersonWeeks,allergy,1 if the physician reports an allergy causing respiratory symptoms.,binary,int64,,0=2975; 1=1754,4729,0,DERIVED,"1 if the recorded answer is yes, 0 if no.",respiratory_allergy,the registration questionnaire asked whether the physician has an allergy causing respiratory symptoms,registration questionnaire (Supplement S1)
02_PersonWeeks,ili_freq_per_year,"Self-reported number of influenza-like illnesses per year, in five ordered bands, in the original wording.",categorical,object,,Yılda 1-2 defa (n=2991); Yılda 3-4 defa (n=1416); Hiç (n=138); Yılda 5-6 defa (n=121); Yılda 6'dan fazla defa (n=63),4729,0,RAW,"Recorded answer or administrative field, carried unchanged.",,"the registration questionnaire asked how often per year the physician has an influenza-like illness, in five ordered bands: never, once or twice, three or four times, five or six times, and more than six times a year",registration questionnaire (Supplement S1)
02_PersonWeeks,ili_freq_ord,Self-reported influenza-like-illness frequency on a 0-4 ordinal scale following the five response bands.,ordinal,int64,,0=138; 1=2991; 2=1416; 3=121; 4=63,4729,0,DERIVED,The five ordered response bands numbered 0 to 4 in the order in which they were offered.,ili_freq_per_year,"the registration questionnaire asked how often per year the physician has an influenza-like illness, in five ordered bands: never, once or twice, three or four times, five or six times, and more than six times a year",registration questionnaire (Supplement S1)
02_PersonWeeks,ili_freq_high,1 if the physician reports three or more influenza-like illnesses per year.,binary,int64,,0=3129; 1=1600,4729,0,DERIVED,"1 if the ordinal frequency level is two or above, 0 otherwise.",ili_freq_ord,"the registration questionnaire asked how often per year the physician has an influenza-like illness, in five ordered bands: never, once or twice, three or four times, five or six times, and more than six times a year",registration questionnaire (Supplement S1)
02_PersonWeeks,ili_healthcare_visit_2024_25,"Presentation to a health-care facility for an influenza-like illness during the preceding season, in the original wording, distinguishing no such illness, self-managed treatment, an outpatient visit, an emergency-department visit and an inpatient episode.",categorical,object,,Kendi tedavimi düzenledim; geçtiğimiz yıl bir sağlık kuruluşuna başvurmadım. (n=2852); Bir meslektaşımın elektif görüşü için geçtiğimiz yıl  acil polikliniği hariç bir sağlık kuruluşuna en az 1 kere ayaktan başvurdum. (n=874); Tedavi ihtiyacı gerektirecek grip benzeri bir hastalık geçirmedim. (n=755); Acil polikliniğe en az 1 kere başvurdum ve yatış gerektiren tedavi gerekmedi. (n=241); En az 1 kere yatış gerektiren tedavi aldım. (n=7),4729,0,RAW,"Recorded answer or administrative field, carried unchanged.",,"the registration questionnaire asked whether the physician presented to a health-care facility for an influenza-like illness during the preceding season, distinguishing no such illness, self-managed treatment without presenting, at least one outpatient visit, at least one emergency-department visit without admission, and at least one inpatient episode",registration questionnaire (Supplement S1)
02_PersonWeeks,prev_season_vaccine,1 if the physician received an influenza vaccine in the preceding season.,binary,int64,,0=2890; 1=1839,4729,0,DERIVED,"1 if either vaccinated option is recorded, 0 if the not-vaccinated option is recorded.",preceding-season vaccination answer,"the registration questionnaire asked whether the physician received an influenza vaccine in the preceding season, distinguishing no vaccination, vaccination with a vaccine supplied by the institution, and vaccination with a vaccine obtained from a pharmacy",registration questionnaire (Supplement S1)
02_PersonWeeks,prev_vax,1 if the physician received an influenza vaccine in the preceding season.,binary,int64,,0=2890; 1=1839,4729,0,DERIVED,"1 if either vaccinated option is recorded, 0 if the not-vaccinated option is recorded.",preceding-season vaccination answer,"the registration questionnaire asked whether the physician received an influenza vaccine in the preceding season, distinguishing no vaccination, vaccination with a vaccine supplied by the institution, and vaccination with a vaccine obtained from a pharmacy",registration questionnaire (Supplement S1)
02_PersonWeeks,vaccine_this_season,1 if the physician received an influenza vaccine in the current season.,binary,float64,,0=2843; 1=1874,4717,12,DERIVED,"1 if a vaccination week is recorded at registration or in any weekly report, 0 if the not-vaccinated option is recorded.",current-season vaccination answer,"the registration questionnaire asked physicians vaccinated in the current season to mark the ISO week of vaccination from a list of dated weeks, with a no-vaccination option",registration questionnaire (Supplement S1)
02_PersonWeeks,vax,1 if the physician received an influenza vaccine in the current season.,binary,int64,,0=2855; 1=1874,4729,0,DERIVED,"1 if a vaccination week is recorded at registration or in any weekly report, 0 if the not-vaccinated option is recorded.",current-season vaccination answer,"the registration questionnaire asked physicians vaccinated in the current season to mark the ISO week of vaccination from a list of dated weeks, with a no-vaccination option",registration questionnaire (Supplement S1)
02_PersonWeeks,vaccine_week,ISO week number in which the vaccine was given; empty for unvaccinated physicians.,count,float64,ISO week number,1.0 to 52.0,1874,2855,RAW,"Recorded answer or administrative field, carried unchanged.",,"the registration questionnaire asked physicians vaccinated in the current season to mark the ISO week of vaccination from a list of dated weeks, with a no-vaccination option",registration questionnaire (Supplement S1)
02_PersonWeeks,vax_iso_week,ISO week number in which the vaccine was given; empty for unvaccinated physicians.,count,float64,ISO week number,1.0 to 52.0,1874,2855,RAW,"Recorded answer or administrative field, carried unchanged.",,"the registration questionnaire asked physicians vaccinated in the current season to mark the ISO week of vaccination from a list of dated weeks, with a no-vaccination option",registration questionnaire (Supplement S1)
02_PersonWeeks,physical_activity_ok,"Whether the physician meets the weekly aerobic physical-activity threshold, in the original wording.",categorical,object,,Hayır (n=2383); Evet (n=2324),4707,22,RAW,"Recorded answer or administrative field, carried unchanged.",,the registration questionnaire asked whether the physician performs at least one hundred and fifty minutes of moderate-intensity or seventy-five minutes of vigorous-intensity aerobic physical activity per week,registration questionnaire (Supplement S1)
02_PersonWeeks,active,1 if the physician meets the weekly aerobic physical-activity threshold. This is the physical-activity answer and carries no information about participation in surveillance.,binary,int64,,0=2405; 1=2324,4729,0,DERIVED,"1 if the recorded answer is yes, 0 if no.",physical_activity_ok,the registration questionnaire asked whether the physician performs at least one hundred and fifty minutes of moderate-intensity or seventy-five minutes of vigorous-intensity aerobic physical activity per week,registration questionnaire (Supplement S1)
02_PersonWeeks,contact_children_10plus,1 if the physician has daily close contact with more than ten children or adolescents outside the household and outside health care.,binary,float64,,0=4392; 1=241,4633,96,DERIVED,"1 if the corresponding social-contact option is marked, 0 if it is not.",social contact answer,"the registration questionnaire asked the physician to mark their close-contact status in social life outside the household and outside health care, offering close daily contact with more than ten people aged eighteen to sixty-five, with more than ten children or adolescents, with more than ten people aged sixty-five and over, and none of these",registration questionnaire (Supplement S1)
02_PersonWeeks,contact_adults_10plus,1 if the physician has daily close contact with more than ten people aged 18-65 outside the household and outside health care.,binary,float64,,0=1385; 1=3248,4633,96,DERIVED,"1 if the corresponding social-contact option is marked, 0 if it is not.",social contact answer,"the registration questionnaire asked the physician to mark their close-contact status in social life outside the household and outside health care, offering close daily contact with more than ten people aged eighteen to sixty-five, with more than ten children or adolescents, with more than ten people aged sixty-five and over, and none of these",registration questionnaire (Supplement S1)
02_PersonWeeks,contact_elderly_10plus,1 if the physician has daily close contact with more than ten people aged 65 and over outside the household and outside health care.,binary,float64,,0=4338; 1=295,4633,96,DERIVED,"1 if the corresponding social-contact option is marked, 0 if it is not.",social contact answer,"the registration questionnaire asked the physician to mark their close-contact status in social life outside the household and outside health care, offering close daily contact with more than ten people aged eighteen to sixty-five, with more than ten children or adolescents, with more than ten people aged sixty-five and over, and none of these",registration questionnaire (Supplement S1)
02_PersonWeeks,tstart,"Left endpoint of the counting-process interval for this person-week, on the season clock.",count,int64,week number,0.0 to 32.0,4729,0,DERIVED,Season week index minus one.,week_idx,,
02_PersonWeeks,tstop,"Right endpoint of the counting-process interval for this person-week, on the season clock.",count,int64,week number,1.0 to 33.0,4729,0,DERIVED,Equal to the season week index.,week_idx,,
02_PersonWeeks,event,Event indicator for the recurrent-event models; identical to the new-episode indicator.,binary,int64,,0=4232; 1=497,4729,0,DERIVED,Identical to new_episode.,new_episode,"the weekly reporting form asked whether the physician had symptoms of an influenza-like illness in the past week, and the form ended for those answering no",weekly reporting form (Supplement S1)
02_PersonWeeks,cluster_letter,"Agent-group letter only: A, B, C or D.",categorical,object,,B (n=428); A (n=97); C (n=50); D (n=25),600,4129,DERIVED,First letter of the recorded agent-group answer.,agent_cluster,"the weekly reporting form asked the physician to judge from clinical experience which agent group could be causing the symptoms, offering cluster A viral with systemic effect, cluster B viral with local effect, cluster C bacterial agents, and cluster D indistinguishable",weekly reporting form (Supplement S1)
02_PersonWeeks,event_A,1 in the week a new cluster A episode began. This is the incident influenza-like-illness event used in the vaccine and system-level analyses.,binary,int64,,0=4638; 1=91,4729,0,DERIVED,"1 if the week is a new-episode week and the agent group is A, 0 otherwise.","new_episode, cluster_letter","the weekly reporting form asked the physician to judge from clinical experience which agent group could be causing the symptoms, offering cluster A viral with systemic effect, cluster B viral with local effect, cluster C bacterial agents, and cluster D indistinguishable",weekly reporting form (Supplement S1)
02_PersonWeeks,event_B,1 in the week a new cluster B episode began. Cluster B is the negative-control outcome fixed in advance.,binary,int64,,0=4388; 1=341,4729,0,DERIVED,"1 if the week is a new-episode week and the agent group is B, 0 otherwise.","new_episode, cluster_letter","the weekly reporting form asked the physician to judge from clinical experience which agent group could be causing the symptoms, offering cluster A viral with systemic effect, cluster B viral with local effect, cluster C bacterial agents, and cluster D indistinguishable",weekly reporting form (Supplement S1)
02_PersonWeeks,event_C,1 in the week a new cluster C episode began.,binary,int64,,0=4686; 1=43,4729,0,DERIVED,"1 if the week is a new-episode week and the agent group is C, 0 otherwise.","new_episode, cluster_letter","the weekly reporting form asked the physician to judge from clinical experience which agent group could be causing the symptoms, offering cluster A viral with systemic effect, cluster B viral with local effect, cluster C bacterial agents, and cluster D indistinguishable",weekly reporting form (Supplement S1)
02_PersonWeeks,event_D,1 in the week a new cluster D episode began.,binary,int64,,0=4707; 1=22,4729,0,DERIVED,"1 if the week is a new-episode week and the agent group is D, 0 otherwise.","new_episode, cluster_letter","the weekly reporting form asked the physician to judge from clinical experience which agent group could be causing the symptoms, offering cluster A viral with systemic effect, cluster B viral with local effect, cluster C bacterial agents, and cluster D indistinguishable",weekly reporting form (Supplement S1)
02_PersonWeeks,symptom_week_cluster,Agent-group letter for the symptomatic week.,categorical,object,,B (n=428); A (n=97); C (n=50); D (n=25),600,4129,DERIVED,First letter of the recorded agent-group answer for that week.,agent_cluster,"the weekly reporting form asked the physician to judge from clinical experience which agent group could be causing the symptoms, offering cluster A viral with systemic effect, cluster B viral with local effect, cluster C bacterial agents, and cluster D indistinguishable",weekly reporting form (Supplement S1)
02_PersonWeeks,at_risk_new_episode,"1 if the physician could have started a new illness that week. It is 0 only in weeks where an illness was already under way, giving the at-risk denominator for incidence.",binary,int64,,0=103; 1=4626,4729,0,DERIVED,"0 if the weekly symptom answer is a continuing illness, 1 otherwise.",symptom_raw,,
02_PersonWeeks,gap_before,"1 if the physician missed one or more weeks immediately before this one, so this week follows a break in reporting.",binary,int64,,0=4201; 1=528,4729,0,DERIVED,"1 if the physician's preceding filed report is more than one week back, 0 otherwise; 0 for a physician's first filed week.","participant_id, week_idx",,
02_PersonWeeks,obs_seq,Position of this week within that physician's own sequence of filed reports: 1 is their first report.,count,int64,report number,1.0 to 33.0,4729,0,DERIVED,"Rank of the week within the physician's filed reports, ordered by week.","participant_id, week_idx",,
02_PersonWeeks,weeks_since_prev_episode,Number of weeks since that physician's preceding episode onset; empty when no preceding episode exists.,count,float64,weeks,1.0 to 31.0,2818,1911,DERIVED,Difference in season week index between this week and the physician's most recent preceding episode onset.,"week_idx, new_episode",,
02_PersonWeeks,episode_number,Number of episodes that physician has begun up to and including this week.,count,int64,episodes,0.0 to 12.0,4729,0,DERIVED,Running cumulative sum of the new-episode indicator within the physician.,new_episode,,
02_PersonWeeks,university,1 if the physician works in a public or foundation university hospital.,binary,int64,,0=2483; 1=2246,4729,0,DERIVED,1 if the recorded institution is the university-hospital option.,institution_type,"the registration questionnaire asked which institution or unit the physician works in, offering a Ministry of Health central, provincial or district health directorate or emergency command-control unit; a Ministry of Health family health centre; a Ministry of Health hospital; a public or foundation university hospital; and a private hospital or clinic",registration questionnaire (Supplement S1)
02_PersonWeeks,primarycare,"1 if the physician works in a primary-care or public-health setting, that is a family health centre or a central, provincial or district health directorate.",binary,int64,,0=3255; 1=1474,4729,0,DERIVED,1 if the recorded institution is a family health centre or a health-directorate option.,institution_type,"the registration questionnaire asked which institution or unit the physician works in, offering a Ministry of Health central, provincial or district health directorate or emergency command-control unit; a Ministry of Health family health centre; a Ministry of Health hospital; a public or foundation university hospital; and a private hospital or clinic",registration questionnaire (Supplement S1)
02_PersonWeeks,resident,1 if the physician is a resident in a main or subspecialty training programme.,binary,int64,,0=3923; 1=806,4729,0,DERIVED,1 if the recorded job title is the resident option.,job_title,"the registration questionnaire asked the physician's current job title, offering general practitioner, resident physician in a main or subspecialty programme, specialist or subspecialty specialist physician, and physician holding an academic title",registration questionnaire (Supplement S1)
02_PersonWeeks,gp,1 if the physician is a general practitioner.,binary,int64,,0=4311; 1=418,4729,0,DERIVED,1 if the recorded job title is the general-practitioner option.,job_title,"the registration questionnaire asked the physician's current job title, offering general practitioner, resident physician in a main or subspecialty programme, specialist or subspecialty specialist physician, and physician holding an academic title",registration questionnaire (Supplement S1)
02_PersonWeeks,academic,1 if the physician holds an academic title.,binary,int64,,0=2938; 1=1791,4729,0,DERIVED,1 if the recorded job title is the academic-title option.,job_title,"the registration questionnaire asked the physician's current job title, offering general practitioner, resident physician in a main or subspecialty programme, specialist or subspecialty specialist physician, and physician holding an academic title",registration questionnaire (Supplement S1)
02_PersonWeeks,had_ili_prev,1 if the physician had an influenza-like illness requiring attention in the preceding season.,binary,int64,,0=755; 1=3974,4729,0,DERIVED,"0 if the recorded answer is the no-such-illness option, 1 for every other option.",ili_healthcare_visit_2024_25,"the registration questionnaire asked whether the physician presented to a health-care facility for an influenza-like illness during the preceding season, distinguishing no such illness, self-managed treatment without presenting, at least one outpatient visit, at least one emergency-department visit without admission, and at least one inpatient episode",registration questionnaire (Supplement S1)
02_PersonWeeks,sought_care,1 if the physician presented to a health-care facility for an influenza-like illness in the preceding season. Interpretable only among physicians who had such an illness.,binary,int64,,0=3607; 1=1122,4729,0,DERIVED,"1 if the recorded answer is an outpatient visit, an emergency-department visit or an inpatient episode, 0 for self-managed treatment or no such illness.",ili_healthcare_visit_2024_25,"the registration questionnaire asked whether the physician presented to a health-care facility for an influenza-like illness during the preceding season, distinguishing no such illness, self-managed treatment without presenting, at least one outpatient visit, at least one emergency-department visit without admission, and at least one inpatient episode",registration questionnaire (Supplement S1)
02_PersonWeeks,contact_children,1 if the physician has daily close contact with more than ten children or adolescents outside the household and outside health care.,binary,int64,,0=4458; 1=271,4729,0,DERIVED,"1 if the corresponding social-contact option is marked, 0 if it is not.",social contact answer,"the registration questionnaire asked the physician to mark their close-contact status in social life outside the household and outside health care, offering close daily contact with more than ten people aged eighteen to sixty-five, with more than ten children or adolescents, with more than ten people aged sixty-five and over, and none of these",registration questionnaire (Supplement S1)
02_PersonWeeks,contact_elderly,1 if the physician has daily close contact with more than ten people aged 65 and over outside the household and outside health care.,binary,int64,,0=4434; 1=295,4729,0,DERIVED,"1 if the corresponding social-contact option is marked, 0 if it is not.",social contact answer,"the registration questionnaire asked the physician to mark their close-contact status in social life outside the household and outside health care, offering close daily contact with more than ten people aged eighteen to sixty-five, with more than ten children or adolescents, with more than ten people aged sixty-five and over, and none of these",registration questionnaire (Supplement S1)
02_PersonWeeks,reported,1 if the physician filed at least one weekly report.,binary,int64,,1=4729,4729,0,DERIVED,"1 if the physician has one or more filed weekly reports, 0 if none.","participant_id, week",,
02_PersonWeeks,comp_risk_n,Number of the physician's own conditions carrying a high risk of influenza complications.,ordinal,float64,conditions,0=3612; 1=722; 2=270; 3=64,4668,61,DERIVED,"Count of distinct condition groups marked, with the none option counting as zero.",komorbidite,"the registration questionnaire asked the physician to mark any conditions they have that carry a high risk of influenza or COVID-19 complications, with a mutually exclusive none option and a multi-select list covering respiratory, neurological, blood, endocrine, metabolic and other condition groups, and an option to decline to answer",registration questionnaire (Supplement S1)
02_PersonWeeks,n_episodes,Number of separate influenza-like-illness episodes the physician reported over the season.,count,int64,episodes,0.0 to 12.0,4729,0,DERIVED,Sum of the new-episode indicator within the physician.,new_episode,,
02_PersonWeeks,episode_group,"Episode count grouped as none, one, or two or more.",categorical,object,,2+ (n=2731); 1 (n=1385); 0 (n=613),4729,0,DERIVED,The episode count collapsed into the three groups shown.,n_episodes,,
02_PersonWeeks,cohort_112_primary,1 if the physician both filed weekly reports and examines patients face to face; this marks the subgroup used in the occupational-exposure analyses.,binary,int64,,0=2941; 1=1788,4729,0,DERIVED,1 if the reporting indicator is 1 and the face-to-face examination indicator is 1.,"reported, sees_pat",,
02_PersonWeeks,phys_active,1 if the physician meets the weekly aerobic physical-activity threshold; a duplicate of the physical-activity indicator carried for convenience.,binary,int64,,0=2405; 1=2324,4729,0,DERIVED,Identical to active.,active,the registration questionnaire asked whether the physician performs at least one hundred and fifty minutes of moderate-intensity or seventy-five minutes of vigorous-intensity aerobic physical activity per week,registration questionnaire (Supplement S1)
02_PersonWeeks,ili_freq_ord4,"Self-reported susceptibility to influenza-like illness in four ordered levels: 0 never, 1 once or twice a year, 2 three or four times a year, 3 five or more times a year. This is the susceptibility variable used in the individual-level models.",ordinal,int64,,0=138; 1=2991; 2=1416; 3=184,4729,0,DERIVED,"The five ordered response bands collapsed to four by merging the two sparsest upper bands, five or six times a year and more than six times a year, into a single top level.",ili_freq_per_year,"the registration questionnaire asked how often per year the physician has an influenza-like illness, in five ordered bands: never, once or twice, three or four times, five or six times, and more than six times a year",registration questionnaire (Supplement S1)
02_PersonWeeks,comp_risk_any_nan,"1 if the physician reports at least one condition carrying a high risk of influenza complications, 0 if none, and missing for physicians who chose not to answer. This is the comorbidity variable used in the individual-level models.",binary,float64,,0=3612; 1=1056,4668,61,DERIVED,"1 if any condition group is marked, 0 if the none option is marked, missing if the declined-to-answer option is marked.",komorbidite,"the registration questionnaire asked the physician to mark any conditions they have that carry a high risk of influenza or COVID-19 complications, with a mutually exclusive none option and a multi-select list covering respiratory, neurological, blood, endocrine, metabolic and other condition groups, and an option to decline to answer",registration questionnaire (Supplement S1)
02_PersonWeeks,social_risk_score,"Number of kinds of out-of-home close contact the physician has on a typical day, from 0 to 3. Defined for the 248 reporting physicians.",ordinal,int64,contact types (0-3),0=1320; 1=3009; 2=299; 3=101,4729,0,DERIVED,"Sum of the three out-of-home close-contact indicators: more than ten children or adolescents, more than ten adults aged 18-65, and more than ten people aged 65 and over.","temas_cocuk, temas_eriskin, temas_yasli","the registration questionnaire asked the physician to mark their close-contact status in social life outside the household and outside health care, offering close daily contact with more than ten people aged eighteen to sixty-five, with more than ten children or adolescents, with more than ten people aged sixty-five and over, and none of these",registration questionnaire (Supplement S1)
02_PersonWeeks,household_highrisk,"1 if a household member carries a high risk of influenza complications, 0 if none does, and missing for physicians living alone or declining to answer.",binary,float64,,0=2505; 1=1345,3850,879,DERIVED,"1 if the household-risk answer is yes, 0 if no, missing otherwise; the single-living response is left missing and never overwrites an affirmative answer.","household_complication_risk, household_size","the registration questionnaire asked whether one or more household members carry a high risk of influenza or COVID-19 complications, with the options yes, no, I live alone, and I prefer not to answer",registration questionnaire (Supplement S1)
02_PersonWeeks,paeds_patients,1 if the physician's patients are mainly children; undefined for physicians who see no patients.,binary,float64,,0=1393; 1=395,1788,2941,DERIVED,"1 if the recorded primary patient group is children, 0 for any other named group, missing when no group is recorded.",primary_patient_group,"the registration questionnaire asked patient-facing physicians which patient group makes up more than eighty per cent of their patients, offering children, adults, people aged sixty-five and over, and immunosuppressed patients",registration questionnaire (Supplement S1)
02_PersonWeeks,vuln_patients,1 if the physician's patients are mainly people aged 65 and over or immunosuppressed; undefined for physicians who see no patients.,binary,float64,,0=1713; 1=75,1788,2941,DERIVED,"1 if the recorded primary patient group is people aged 65 and over or immunosuppressed, 0 for children or adults, missing when no group is recorded.",primary_patient_group,"the registration questionnaire asked patient-facing physicians which patient group makes up more than eighty per cent of their patients, offering children, adults, people aged sixty-five and over, and immunosuppressed patients",registration questionnaire (Supplement S1)
03_Episodes,episode_id,"Code for one illness episode, formed as the physician code followed by an episode sequence number, so the weeks belonging to one illness group together.",identifier,object,,497 distinct values,497,0,DERIVED,Physician code concatenated with the within-physician episode sequence number.,participant_id,,
03_Episodes,participant_id,Anonymous physician code (format HEKIM-xxxxxxxxx) linking one physician across every sheet; no name or contact detail is stored.,categorical,object,,192 distinct values,497,0,RAW,Administrative identifier assigned at registration.,,,
03_Episodes,start_week,ISO year and week in which the episode began.,categorical,object,,33 distinct values,497,0,DERIVED,ISO week label of the episode onset week.,week,,
03_Episodes,end_week,ISO year and week in which the episode ended.,categorical,object,,33 distinct values,497,0,DERIVED,ISO week label of the last week of the episode.,week,,
03_Episodes,start_date,Monday date of the week in which the episode began.,date,datetime64[ns],,2025-09-29 to 2026-05-11,497,0,DERIVED,Episode onset week converted to the Monday of that week.,start_week,,
03_Episodes,duration_weeks,Number of reporting weeks the episode spanned.,ordinal,int64,weeks,1=394; 2=103,497,0,DERIVED,Number of consecutive weeks belonging to the episode.,episode_id,,
03_Episodes,agent_cluster,"The physician's clinical judgement of the likely agent group, in the original wording: cluster A viral with systemic effect, cluster B viral with local effect, cluster C bacterial, cluster D indistinguishable.",categorical,object,,B KÜMESİ (Viral - Lokal Etki) (n=341); A KÜMESİ (Viral - Sistemik Etki) (n=91); C KÜMESİ (Bakteriyel etkenler) (n=43); D Kümesi: Ayırt edemem/Bilmiyorum (n=22),497,0,RAW,"Recorded answer or administrative field, carried unchanged.",,"the weekly reporting form asked the physician to judge from clinical experience which agent group could be causing the symptoms, offering cluster A viral with systemic effect, cluster B viral with local effect, cluster C bacterial agents, and cluster D indistinguishable",weekly reporting form (Supplement S1)
03_Episodes,max_symptom_days,Longest reported symptom duration within the episode; empty when no duration was reported.,count,float64,days,1.0 to 21.0,91,406,DERIVED,Maximum of the reported symptom durations across the weeks of the episode.,symptom_duration_days,the weekly reporting form asked how many days the symptoms lasted,weekly reporting form (Supplement S1)
03_Episodes,any_work_absence,1 if the daily routine or work was disrupted at any point during the episode.,binary,int64,,0=468; 1=29,497,0,DERIVED,"1 if any week of the episode records a change in the daily routine, 0 if no week does.",daily_routine_impact,"the weekly reporting form asked whether the daily routine changed because of the illness, distinguishing no change, change without being able to take time off work, time off work with outpatient follow-up, and time off work with inpatient follow-up",weekly reporting form (Supplement S1)
03_Episodes,any_test,1 if any diagnostic test was performed during the episode.,binary,int64,,0=492; 1=5,497,0,DERIVED,"1 if any week of the episode records a test that was actually carried out, 0 otherwise.",diagnostic_test,"the weekly reporting form asked whether the physician was tested for the causative agent, distinguishing no test, a planned test, and polymerase-chain-reaction or rapid tests with influenza-positive, SARS-CoV-2-positive, dual-positive or negative results",weekly reporting form (Supplement S1)
03_Episodes,source_household_any,1 if any week of the episode named a symptomatic household member as the likely source.,binary,float64,,0=54; 1=37,91,406,DERIVED,Maximum of the household-source indicator across the weeks of the episode.,source_household,"the weekly reporting form asked the likely source of the symptoms, offering a health-care-related source, contact with a symptomatic household member, contact with another source outside health care and the household, and not knowing",weekly reporting form (Supplement S1)
03_Episodes,source_healthcare_any,1 if any week of the episode named a health-care-related source.,binary,float64,,0=66; 1=25,91,406,DERIVED,Maximum of the health-care-source indicator across the weeks of the episode.,source_healthcare,"the weekly reporting form asked the likely source of the symptoms, offering a health-care-related source, contact with a symptomatic household member, contact with another source outside health care and the household, and not knowing",weekly reporting form (Supplement S1)
03_Episodes,source_social_any,1 if any week of the episode named a source outside health care and the household.,binary,float64,,0=65; 1=26,91,406,DERIVED,Maximum of the other-source indicator across the weeks of the episode.,source_social,"the weekly reporting form asked the likely source of the symptoms, offering a health-care-related source, contact with a symptomatic household member, contact with another source outside health care and the household, and not knowing",weekly reporting form (Supplement S1)
03_Episodes,cluster_letter,"Agent-group letter only: A, B, C or D.",categorical,object,,B (n=341); A (n=91); C (n=43); D (n=22),497,0,DERIVED,First letter of the recorded agent-group answer.,agent_cluster,"the weekly reporting form asked the physician to judge from clinical experience which agent group could be causing the symptoms, offering cluster A viral with systemic effect, cluster B viral with local effect, cluster C bacterial agents, and cluster D indistinguishable",weekly reporting form (Supplement S1)
03_Episodes,cluster_label,"Agent group in English with its interpretation, for example A viral-systemic, used as the influenza-like-illness proxy.",categorical,object,,B: Viral-Local (n=341); A: Viral-Systemic (ILI proxy) (n=91); C: Bacterial (n=43); D: Unknown (n=22),497,0,DERIVED,The recorded agent-group answer mapped to an English label.,agent_cluster,"the weekly reporting form asked the physician to judge from clinical experience which agent group could be causing the symptoms, offering cluster A viral with systemic effect, cluster B viral with local effect, cluster C bacterial agents, and cluster D indistinguishable",weekly reporting form (Supplement S1)
03_Episodes,start_week_idx,Season week index of the episode onset week.,count,int64,week number,1.0 to 33.0,497,0,DERIVED,Episode onset week converted to the season week index.,start_week,,
03_Episodes,end_week_idx,Season week index of the last week of the episode.,count,int64,week number,1.0 to 33.0,497,0,DERIVED,Episode end week converted to the season week index.,end_week,,
03_Episodes,vax_protected,"1 from two weeks after the vaccination week onward, marking person-weeks in which vaccine protection is assumed to be established; weeks between vaccination and that point count as unprotected.",binary,int64,,0=333; 1=164,497,0,DERIVED,"1 if the physician is vaccinated and the season week index is at least two greater than the vaccination week index, 0 otherwise.","vax, week_idx, vax_week_idx","the registration questionnaire asked physicians vaccinated in the current season to mark the ISO week of vaccination from a list of dated weeks, with a no-vaccination option",registration questionnaire (Supplement S1)
03_Episodes,vax,1 if the physician received an influenza vaccine in the current season.,binary,int64,,0=305; 1=192,497,0,DERIVED,"1 if a vaccination week is recorded at registration or in any weekly report, 0 if the not-vaccinated option is recorded.",current-season vaccination answer,"the registration questionnaire asked physicians vaccinated in the current season to mark the ISO week of vaccination from a list of dated weeks, with a no-vaccination option",registration questionnaire (Supplement S1)
03_Episodes,vax_week_idx,"Season week index, 1 to 33, in which the vaccine was given; empty for unvaccinated physicians.",count,float64,week number,1.0 to 16.0,192,305,DERIVED,The recorded ISO vaccination week converted to the season week index.,vax_iso_week,"the registration questionnaire asked physicians vaccinated in the current season to mark the ISO week of vaccination from a list of dated weeks, with a no-vaccination option",registration questionnaire (Supplement S1)
03_Episodes,onset_week_idx,Season week index in which symptoms began.,count,int64,week number,1.0 to 33.0,497,0,DERIVED,Identical to start_week_idx.,start_week_idx,,
03_Episodes,under_vax_protection,1 if the episode began in a week in which vaccine protection was established.,binary,int64,,0=333; 1=164,497,0,DERIVED,Value of the protected-week indicator in the episode onset week.,"vax_protected, onset_week_idx",,
03_Episodes,age,Physician age in completed years.,count,int64,years,25.0 to 72.0,497,0,DERIVED,Season reference year minus the reported year of birth.,birth_year,the registration questionnaire asked for the physician's year of birth as a four-digit number,registration questionnaire (Supplement S1)
03_Episodes,age10,"Physician age expressed in units of ten years, so a one-unit change is ten years.",continuous,float64,10-year units,2.5 to 7.2,497,0,DERIVED,Age in years divided by ten.,age,the registration questionnaire asked for the physician's year of birth as a four-digit number,registration questionnaire (Supplement S1)
03_Episodes,female,"1 if the physician is female, 0 if male.",binary,int64,,0=169; 1=328,497,0,DERIVED,"1 if the recorded sex is the female option, 0 otherwise.",sex,"the registration questionnaire asked the physician's biological sex, with the options female and male",registration questionnaire (Supplement S1)
03_Episodes,sees_pat,"1 if the physician performs primary face-to-face patient examination, 0 if they work without direct patient contact.",binary,int64,,0=295; 1=202,497,0,DERIVED,1 if the recorded answer is the face-to-face examination option.,sees_patients,"the registration questionnaire asked whether the physician performs primary face-to-face patient examination, the alternative being a non-clinical or consultant role with no direct patient contact",registration questionnaire (Supplement S1)
03_Episodes,reported,1 if the physician filed at least one weekly report.,binary,int64,,1=497,497,0,DERIVED,"1 if the physician has one or more filed weekly reports, 0 if none.","participant_id, week",,
04_WeeklySystem,week_idx,Season week counted from the start of surveillance: 1 is 2025-W40 and 33 is 2026-W20.,count,int64,week number (1-33),1.0 to 33.0,33,0,DERIVED,Rank of the ISO week within the 33-week season window 2025-W40 to 2026-W20.,week,,
04_WeeklySystem,week,"ISO year and week label of the reporting week, for example 2025-W40.",identifier,object,,33 distinct values,33,0,RAW,ISO week label of the reporting week.,,,
04_WeeklySystem,n_reporters,"Number of physicians who filed a report that week. The series rises over the opening weeks before reaching a plateau, so raw weekly counts must be read against this denominator.",count,int64,physicians,44.0 to 177.0,33,0,DERIVED,Count of filed weekly reports in that week.,"participant_id, week_idx",,
04_WeeklySystem,person_weeks,Number of person-weeks contributed that week; equal to the number of physicians filing that week.,count,int64,person-weeks,44.0 to 177.0,33,0,DERIVED,Count of person-week records in that week.,week_idx,,
04_WeeklySystem,pw_at_risk_new,Number of person-weeks in that week that could have started a new illness. This is the incidence denominator.,count,int64,person-weeks,44.0 to 174.0,33,0,DERIVED,Weekly sum of the at-risk indicator.,at_risk_new_episode,,
04_WeeklySystem,n_symptomatic,"Number of person-weeks that week with symptoms, new or continuing.",count,int64,person-weeks,8.0 to 27.0,33,0,DERIVED,Weekly sum of the symptomatic-week indicator.,symptomatic,,
04_WeeklySystem,n_new_episodes,"Number of new influenza-like-illness episodes beginning that week, all agent groups.",count,int64,episodes,7.0 to 24.0,33,0,DERIVED,Weekly sum of the new-episode indicator.,new_episode,,
04_WeeklySystem,n_new_A,Number of new cluster A episodes beginning that week. This is the participatory influenza-like-illness count compared with the sentinel stream.,count,int64,episodes,0=2; 1=7; 2=6; 3=7; 4=6; 5=3; 6=2,33,0,DERIVED,Weekly sum of the cluster A event indicator.,event_A,,
04_WeeklySystem,n_new_B,Number of new cluster B episodes beginning that week.,count,int64,episodes,2.0 to 20.0,33,0,DERIVED,Weekly sum of the cluster B event indicator.,event_B,,
04_WeeklySystem,n_new_C,Number of new cluster C episodes beginning that week.,ordinal,int64,episodes,0=7; 1=14; 2=8; 3=3; 4=1,33,0,DERIVED,Weekly sum of the cluster C event indicator.,event_C,,
04_WeeklySystem,n_new_D,Number of new cluster D episodes beginning that week.,ordinal,int64,episodes,0=17; 1=11; 2=4; 3=1,33,0,DERIVED,Weekly sum of the cluster D event indicator.,event_D,,
04_WeeklySystem,n_sym_A,"Number of symptomatic person-weeks that week judged to be cluster A, including continuation weeks.",count,int64,person-weeks,0=2; 1=5; 2=7; 3=7; 4=7; 5=2; 6=2; 7=1,33,0,DERIVED,Weekly sum of the cluster A symptomatic-week indicator.,agent_A,,
04_WeeklySystem,n_protected,Number of person-weeks in that reporting week counted as protected by vaccination.,count,int64,person-weeks,0.0 to 74.0,33,0,DERIVED,Weekly sum of the protected-week indicator.,vax_protected,,
04_WeeklySystem,ili_rate_per1000_pw,Weekly episode rate per one thousand person-weeks reported.,continuous,float64,episodes per 1000 person-weeks,49.3827 to 181.8182,33,0,DERIVED,One thousand times the number of new episodes divided by the person-weeks reported that week (verified against the sheet to machine precision; the at-risk denominator does not reproduce it).,"n_new_episodes, person_weeks",,
04_WeeklySystem,A_rate_per1000_pw,Weekly cluster A episode rate per one thousand person-weeks reported.,continuous,float64,episodes per 1000 person-weeks,0.0 to 45.4545,33,0,DERIVED,One thousand times the number of new cluster A episodes divided by the person-weeks reported that week (verified against the sheet to machine precision; the at-risk denominator does not reproduce it).,"n_new_A, person_weeks",,
04_WeeklySystem,pct_A_of_new_episodes,"Share of that week's new episodes judged to be cluster A, as a percentage. This is the participatory series used in the system-level comparison.",continuous,float64,percent,0.0 to 62.5,33,0,DERIVED,One hundred times the number of new cluster A episodes divided by the number of new episodes that week.,"n_new_A, n_new_episodes",,
04_WeeklySystem,sym_prevalence_pct,"Share of that week's person-weeks with symptoms, as a percentage, including symptoms carried over from a preceding week.",continuous,float64,percent,5.7325 to 18.1818,33,0,DERIVED,One hundred times the number of symptomatic person-weeks divided by the person-weeks reported that week.,"n_symptomatic, person_weeks",,
04_WeeklySystem,sb_ili_consultations,Number of influenza-like-illness consultations recorded that week by the national sentinel network.,count,int64,consultations,53.0 to 220.0,33,0,RAW,Weekly national sentinel figure as published.,,,
04_WeeklySystem,file_salgintr_ILI,Participatory episode count for that week as held in the two-stream weekly file; equal to new episodes of any agent group.,count,int64,episodes,7.0 to 24.0,33,0,RAW,Weekly participatory count as held in the two-stream file.,,,
04_WeeklySystem,sb_positive_cases,Number of sentinel specimens testing positive for influenza that week.,count,int64,specimens,1.0 to 126.0,33,0,RAW,Weekly national sentinel figure as published.,,,
04_WeeklySystem,file_salgintr_Vaka,Participatory influenza-like-illness count for that week as held in the two-stream weekly file; equal to new cluster A episodes.,count,int64,episodes,0=2; 1=7; 2=6; 3=7; 4=6; 5=3; 6=2,33,0,RAW,Weekly participatory count as held in the two-stream file.,,,
04_WeeklySystem,week_start_date,Monday date on which the reporting week begins.,date,datetime64[ns],,2025-09-29 to 2026-05-11,33,0,DERIVED,ISO week label converted to the Monday of that week.,week,,
04_WeeklySystem,week_end_date,Sunday date on which the reporting week ends.,date,datetime64[ns],,2025-10-05 to 2026-05-17,33,0,DERIVED,Week start date plus six days.,week,,
04_WeeklySystem,sb_positivity_pct,"Share of sentinel specimens testing positive for influenza that week, as a percentage. This is the reference series in the system-level comparison.",continuous,float64,percent,0.9009 to 57.2727,33,0,DERIVED,One hundred times the sentinel positive count divided by the sentinel consultation count.,"sb_positive_cases, sb_ili_consultations",,
04_WeeklySystem,file_matches_recomputed_ILI,TRUE if the two-stream file's episode count for that week equals the count recomputed from the weekly symptom answers.,binary,bool,,1=33,33,0,DERIVED,TRUE if file_salgintr_ILI equals n_new_episodes for that week.,"file_salgintr_ILI, n_new_episodes",,
04_WeeklySystem,file_matches_recomputed_Vaka,TRUE if the two-stream file's influenza-like-illness count for that week equals the count recomputed from the weekly agent-group answers.,binary,bool,,1=33,33,0,DERIVED,TRUE if file_salgintr_Vaka equals n_new_A for that week.,"file_salgintr_Vaka, n_new_A",,
05_RecodedIndividual,pid,"Anonymous physician code, identical in form and meaning to the code used in the other sheets.",identifier,object,,248 distinct values,248,0,RAW,Administrative identifier assigned at registration.,,,
05_RecodedIndividual,age,Physician age in completed years.,count,int64,years,25.0 to 72.0,248,0,DERIVED,Season reference year minus the reported year of birth.,birth_year,the registration questionnaire asked for the physician's year of birth as a four-digit number,registration questionnaire (Supplement S1)
05_RecodedIndividual,sex,"Biological sex as recorded, in the original wording.",categorical,object,,Kadın (n=165); Erkek (n=83),248,0,RAW,"Recorded answer or administrative field, carried unchanged.",,"the registration questionnaire asked the physician's biological sex, with the options female and male",registration questionnaire (Supplement S1)
05_RecodedIndividual,il_plaka,Two-digit provincial licence-plate number of the institution where the physician works.,count,int64,province number,2.0 to 81.0,248,0,RAW,"Recorded answer or administrative field, carried unchanged.",,"the registration questionnaire asked for the province of the institution where the physician works, entered as the two-digit provincial licence-plate number",registration questionnaire (Supplement S1)
05_RecodedIndividual,kurum_birim,"Type of institution or unit where the physician works, in the original wording.",categorical,object,,Üniversite (Kamu ya da Vakıf) - Hastane (n=105); Sağlık Bakanlığı: Merkez - İl Sağlık Müdürlüğü - İlçe Sağlık Müdürlüğü - 112 Komuta Kontrol Birimi (n=61); Sağlık Bakanlığı - Hastane (n=56); Sağlık Bakanlığı: Aile Sağlığı Merkezi (n=16); Özel Hastane / Klinik (n=10),248,0,RAW,"Recorded answer or administrative field, carried unchanged.",,"the registration questionnaire asked which institution or unit the physician works in, offering a Ministry of Health central, provincial or district health directorate or emergency command-control unit; a Ministry of Health family health centre; a Ministry of Health hospital; a public or foundation university hospital; and a private hospital or clinic",registration questionnaire (Supplement S1)
05_RecodedIndividual,gorev_unvan,"Current job title, in the original wording.",categorical,object,,Uzman hekim / Yan dal uzmanı hekim (n=90); Akademik ünvanı olan hekim (n=89); Araştırma görevlisi (ana dal veya yan dal) hekim (n=44); Pratisyen hekim (n=25),248,0,RAW,"Recorded answer or administrative field, carried unchanged.",,"the registration questionnaire asked the physician's current job title, offering general practitioner, resident physician in a main or subspecialty programme, specialist or subspecialty specialist physician, and physician holding an academic title",registration questionnaire (Supplement S1)
05_RecodedIndividual,muayene_katilim,"Participation in patient examination, in the original wording.",categorical,object,,Primer (yüz yüze) hasta muayene etmeyen - Klinik olmayan alan veya Konsültan (hasta ile doğrudan temas yok) (n=136); Primer (yüz yüze) hasta muayene eden hekim (n=112),248,0,RAW,"Recorded answer or administrative field, carried unchanged.",,"the registration questionnaire asked whether the physician performs primary face-to-face patient examination, the alternative being a non-clinical or consultant role with no direct patient contact",registration questionnaire (Supplement S1)
05_RecodedIndividual,primer,1 if the physician performs primary face-to-face patient examination.,binary,int64,,0=136; 1=112,248,0,DERIVED,1 if the recorded answer is the face-to-face examination option.,muayene_katilim,"the registration questionnaire asked whether the physician performs primary face-to-face patient examination, the alternative being a non-clinical or consultant role with no direct patient contact",registration questionnaire (Supplement S1)
05_RecodedIndividual,riskli_birim,"Named clinical unit carrying a high transmission risk, or none of the listed units.",categorical,object,,Hiçbiri (n=36); Enfeksiyon Hastalıkları ve Klinik Mikrobiyoloji (n=26); Aile Hekimliği (n=20); Pediatri (n=14); Acil Servis (n=6); Anestezi ve Reanimasyon / Yoğun Bakım (n=6); Göğüs Hastalıkları (n=4),112,136,RAW,"Recorded answer or administrative field, carried unchanged.",,"the registration questionnaire asked patient-facing physicians whether they work in a unit carrying a high transmission risk, listing the emergency department, infectious diseases and clinical microbiology, chest diseases, anaesthesiology and reanimation or intensive care, otorhinolaryngology, paediatrics, family medicine, and none of these",registration questionnaire (Supplement S1)
05_RecodedIndividual,primer_hasta_grubu,"Patient group making up more than eighty per cent of the physician's patients, in the original wording.",categorical,object,,Erişkin (n=87); Çocuk (n=20); 65 yaş ve üzeri (n=4); İmmünsüprese (n=1),112,136,RAW,"Recorded answer or administrative field, carried unchanged.",,"the registration questionnaire asked patient-facing physicians which patient group makes up more than eighty per cent of their patients, offering children, adults, people aged sixty-five and over, and immunosuppressed patients",registration questionnaire (Supplement S1)
05_RecodedIndividual,gunluk_hasta,"Number of patients primarily examined per day, averaged over the preceding three months.",count,float64,patients per day,1.0 to 100.0,110,138,RAW,"Recorded answer or administrative field, carried unchanged.",,"the registration questionnaire asked patient-facing physicians how many patients they primarily examine per day, averaged over the preceding three months",registration questionnaire (Supplement S1)
05_RecodedIndividual,aerosol,"Share of examinations involving aerosol-generating procedures, in four ordered bands, in the original wording.",categorical,object,,Hiç gerçekleştirmiyor (n=68); %10'dan az (n=27); %20'den fazla (n=10); %10-20 (n=7),112,136,RAW,"Recorded answer or administrative field, carried unchanged.",,"the registration questionnaire asked patient-facing physicians in what share of their examinations aerosol-generating procedures such as intubation, bronchoscopy or respiratory sampling occur, in four ordered bands from never through less than a tenth and a tenth to a fifth to more than a fifth",registration questionnaire (Supplement S1)
05_RecodedIndividual,nobet,Number of on-call shifts per month for which the physician is primarily responsible.,count,float64,shifts per month,0.0 to 9.0,112,136,RAW,"Recorded answer or administrative field, carried unchanged.",,"the registration questionnaire asked patient-facing physicians how many on-call shifts per month they are primarily responsible for, averaged over the preceding three months",registration questionnaire (Supplement S1)
05_RecodedIndividual,maske,"Mask use while examining patients face to face over the preceding month, in the original wording.",categorical,object,,Hayır (n=69); Evet (n=43),112,136,RAW,"Recorded answer or administrative field, carried unchanged.",,"the registration questionnaire asked patient-facing physicians whether, over the preceding month, they wear a mask while examining patients face to face",registration questionnaire (Supplement S1)
05_RecodedIndividual,hh,"Number of people living in the household, including the physician; the top category is six or more.",ordinal,int64,people,1=47; 2=81; 3=71; 4=38; 5=8; 6=3,248,0,RAW,"Recorded answer or administrative field, carried unchanged.",,"the registration questionnaire asked how many people live in the physician's household including themselves, from living alone through six or more",registration questionnaire (Supplement S1)
05_RecodedIndividual,hane_riskli,"Household high-risk answer in the original two-level coding, 1 for yes and 2 for no.",ordinal,int64,,1=71; 2=177,248,0,RAW,"Recorded answer or administrative field, carried unchanged.",,"the registration questionnaire asked whether one or more household members carry a high risk of influenza or COVID-19 complications, with the options yes, no, I live alone, and I prefer not to answer",registration questionnaire (Supplement S1)
05_RecodedIndividual,okul_cocuk,Number of children in the household attending an educational institution.,ordinal,int64,children,0=148; 1=73; 2=23; 3=3; 4=1,248,0,RAW,"Recorded answer or administrative field, carried unchanged.",,"the registration questionnaire asked how many children in the household attend an educational institution, from nursery and kindergarten through primary, middle and high school to university",registration questionnaire (Supplement S1)
05_RecodedIndividual,toplu_tasima,"Average time spent in public transport per day, in ordered bands, in the original wording.",categorical,object,,Genellikle toplu taşıma kullanmıyorum (n=197); 31-90 dakika (n=24); 0-30 dakika (n=16); 90 dakikadan fazla (n=11),248,0,RAW,"Recorded answer or administrative field, carried unchanged.",,"the registration questionnaire asked the average time spent in public transport per day, from generally not using public transport through bands up to more than ninety minutes",registration questionnaire (Supplement S1)
05_RecodedIndividual,alerji,"Allergy causing respiratory symptoms, in the original wording.",categorical,object,,Hayır (n=152); Evet (n=96),248,0,RAW,"Recorded answer or administrative field, carried unchanged.",,the registration questionnaire asked whether the physician has an allergy causing respiratory symptoms,registration questionnaire (Supplement S1)
05_RecodedIndividual,ili_siklik,"Self-reported number of influenza-like illnesses per year, in five ordered bands, in the original wording.",categorical,object,,Yılda 1-2 defa (n=156); Yılda 3-4 defa (n=70); Yılda 5-6 defa (n=11); Hiç (n=8); Yılda 6'dan fazla defa (n=3),248,0,RAW,"Recorded answer or administrative field, carried unchanged.",,"the registration questionnaire asked how often per year the physician has an influenza-like illness, in five ordered bands: never, once or twice, three or four times, five or six times, and more than six times a year",registration questionnaire (Supplement S1)
05_RecodedIndividual,saglik_basvuru,"Presentation to a health-care facility for an influenza-like illness during the preceding season, in the original wording.",categorical,object,,Kendi tedavimi düzenledim; geçtiğimiz yıl bir sağlık kuruluşuna başvurmadım. (n=146); Tedavi ihtiyacı gerektirecek grip benzeri bir hastalık geçirmedim. (n=47); Bir meslektaşımın elektif görüşü için geçtiğimiz yıl  acil polikliniği hariç bir sağlık kuruluşuna en az 1 kere ayaktan başvurdum. (n=40); Acil polikliniğe en az 1 kere başvurdum ve yatış gerektiren tedavi gerekmedi. (n=14); En az 1 kere yatış gerektiren tedavi aldım. (n=1),248,0,RAW,"Recorded answer or administrative field, carried unchanged.",,"the registration questionnaire asked whether the physician presented to a health-care facility for an influenza-like illness during the preceding season, distinguishing no such illness, self-managed treatment without presenting, at least one outpatient visit, at least one emergency-department visit without admission, and at least one inpatient episode",registration questionnaire (Supplement S1)
05_RecodedIndividual,onceki_asi,1 if the physician received an influenza vaccine in the preceding season.,binary,int64,,0=149; 1=99,248,0,DERIVED,"1 if either vaccinated option is recorded, 0 if the not-vaccinated option is recorded.",preceding-season vaccination answer,"the registration questionnaire asked whether the physician received an influenza vaccine in the preceding season, distinguishing no vaccination, vaccination with a vaccine supplied by the institution, and vaccination with a vaccine obtained from a pharmacy",registration questionnaire (Supplement S1)
05_RecodedIndividual,bu_sezon_asi,1 if the physician received an influenza vaccine in the current season.,binary,int64,,0=157; 1=91,248,0,DERIVED,"1 if a vaccination week is recorded, 0 otherwise.",current-season vaccination answer,"the registration questionnaire asked physicians vaccinated in the current season to mark the ISO week of vaccination from a list of dated weeks, with a no-vaccination option",registration questionnaire (Supplement S1)
05_RecodedIndividual,fiziksel_aktivite,"Whether the physician meets the weekly aerobic physical-activity threshold, in the original wording.",categorical,object,,Hayır (n=131); Evet (n=117),248,0,RAW,"Recorded answer or administrative field, carried unchanged.",,the registration questionnaire asked whether the physician performs at least one hundred and fifty minutes of moderate-intensity or seventy-five minutes of vigorous-intensity aerobic physical activity per week,registration questionnaire (Supplement S1)
05_RecodedIndividual,temas_cocuk,1 if the physician has daily close contact with more than ten children or adolescents outside the household and outside health care.,binary,int64,,0=233; 1=15,248,0,DERIVED,"1 if the corresponding social-contact option is marked, 0 if it is not.",social contact answer,"the registration questionnaire asked the physician to mark their close-contact status in social life outside the household and outside health care, offering close daily contact with more than ten people aged eighteen to sixty-five, with more than ten children or adolescents, with more than ten people aged sixty-five and over, and none of these",registration questionnaire (Supplement S1)
05_RecodedIndividual,temas_eriskin,1 if the physician has daily close contact with more than ten people aged 18-65 outside the household and outside health care.,binary,int64,,0=84; 1=164,248,0,DERIVED,"1 if the corresponding social-contact option is marked, 0 if it is not.",social contact answer,"the registration questionnaire asked the physician to mark their close-contact status in social life outside the household and outside health care, offering close daily contact with more than ten people aged eighteen to sixty-five, with more than ten children or adolescents, with more than ten people aged sixty-five and over, and none of these",registration questionnaire (Supplement S1)
05_RecodedIndividual,temas_yasli,1 if the physician has daily close contact with more than ten people aged 65 and over outside the household and outside health care.,binary,int64,,0=228; 1=20,248,0,DERIVED,"1 if the corresponding social-contact option is marked, 0 if it is not.",social contact answer,"the registration questionnaire asked the physician to mark their close-contact status in social life outside the household and outside health care, offering close daily contact with more than ten people aged eighteen to sixty-five, with more than ten children or adolescents, with more than ten people aged sixty-five and over, and none of these",registration questionnaire (Supplement S1)
05_RecodedIndividual,tutun,"Tobacco-product use, in the original wording.",categorical,object,,Hiç kullanmadım (n=165); Eskiden kullanırdım (bırakmış) (n=34); Ara sıra kullanırım (n=29); Eskiden/Halen kullanıyor (paket-yıl girdi) (n=19); Her gün kullanırım (n=1),248,0,RAW,"Recorded answer or administrative field, carried unchanged.",,"the registration questionnaire asked which statement about tobacco-product use applies, distinguishing never use, former use with time since quitting, occasional use, and an open pack-year entry",registration questionnaire (Supplement S1)
05_RecodedIndividual,komorbidite,"Conditions carrying a high risk of influenza complications, in the original wording, with a multiple-condition category and a declined-to-answer category.",categorical,object,,13 distinct values,248,0,RAW,"Recorded answer or administrative field, carried unchanged.",,"the registration questionnaire asked the physician to mark any conditions they have that carry a high risk of influenza or COVID-19 complications, with a mutually exclusive none option and a multi-select list covering respiratory, neurological, blood, endocrine, metabolic and other condition groups, and an option to decline to answer",registration questionnaire (Supplement S1)
