sheet,variable,measurement,type,value_set,n_observed,n_missing,derivation_rule,used_by_analyses,enters_an_analysis,why_not_used,documentation_status
01_Physicians,academic,"Whether this doctor holds an academic title, such as professor, based on 93 out of 304 doctors in the study.",binary,0 = 211; 1 = 93,304,0,"DERIVED from job_title, under the pre-specified recode rules documented in Appendix A2 (Table S2 for this sheet).",cohort description; never-reporter comparison (Table 3.23),yes,,Described in this appendix
01_Physicians,active,"Note: this is the physical-activity survey answer (1 = reports being physically active), NOT a measure of taking part in the study. 19 physicians who never filed a single weekly report have active=1.",binary,0 = 168; 1 = 136,304,0,Derived variable constructed for analysis,M5; cohort description (physical activity); descriptive covariate profile,yes,,Described in this appendix
01_Physicians,aerosol_ord,"What share of the physician's examinations involves procedures that aerosolise respiratory secretions, from the registration questionnaire (Supplement S1).",ordinal,0 = 68; 1 = 27; 2 = 7; 3 = 10,112,192,"Four ordered levels: 0 = never performs, 1 = under 10% of examinations, 2 = 10 to 20%, 3 = over 20%. Among the 112: 68 / 27 / 7 / 10.",M8,yes,,Described in this appendix
01_Physicians,age,"This shows the physician's age, calculated from their birth year, ranging from 24 to 72 years old.",count,"numeric, 24 to 72; median 35.5 (IQR 32-47)",304,0,"DERIVED from birth_year, under the pre-specified recode rules documented in Appendix A2 (Table S2 for this sheet).",cohort description (Table 3.4),yes,,Described in this appendix
01_Physicians,age10,"The physician's age at the start of the season, from the year of birth given on the registration questionnaire (Supplement S1), rescaled so one unit is ten years.",continuous,"numeric, 2.4 to 7.2; median 3.55 (IQR 3.2-4.7)",304,0,(2025 minus year of birth) / 10; range 2.4 to 7.2.,"M1, M4, M5, M6, M7, M8",yes,,Described in this appendix
01_Physicians,allergy,"Whether the physician reported a respiratory allergy, from the registration questionnaire (Supplement S1).",binary,0 = 184; 1 = 120,304,0,"1 = yes, 0 = no. 120 of 304; 96 of the 248 reporters. Blank responses are read as no.",M5,yes,,Described in this appendix
01_Physicians,any_symptom,"This shows whether a doctor experienced any flu-like symptoms during at least one week of the study, with 192 saying yes and 112 saying no.",binary,0 = 112; 1 = 192,304,0,"DERIVED from n_symptom_weeks, under the pre-specified recode rules documented in Appendix A2 (Table S2 for this sheet).",recurrence share indicator,yes,,Described in this appendix
01_Physicians,attack_rate,"This shows the share of reported weeks in which the physician noted flu-like symptoms in their patients, from 0 (none) to 1 (all).",continuous,"numeric, 0 to 1; median 0.0909091 (IQR 0.03125-0.1875)",248,56,"DERIVED from n_symptom_weeks, n_weeks_reported, under the pre-specified recode rules documented in Appendix A2 (Table S2 for this sheet).","symptom-week share, descriptive",yes,,Described in this appendix
01_Physicians,cohort_112_primary,"Whether the physician filed at least one weekly report, and whether they additionally examine patients face to face.",binary,0 = 192; 1 = 112,304,0,cohort_248_reporter = 1 if reported = 1 (248 of 304); cohort_112_primary = 1 if reported = 1 and sees_pat = 1 (112 of 304).,defines the 112 occupational subgroup,yes,,Described in this appendix
01_Physicians,cohort_248_reporter,"Whether the physician filed at least one weekly report, and whether they additionally examine patients face to face.",binary,0 = 56; 1 = 248,304,0,cohort_248_reporter = 1 if reported = 1 (248 of 304); cohort_112_primary = 1 if reported = 1 and sees_pat = 1 (112 of 304).,defines the 248 person-level analysis set,yes,,Described in this appendix
01_Physicians,comp_risk_any,1 if the physician has at least one long-term health condition that could make flu worse.,binary,0 = 236; 1 = 68,304,0,"DERIVED from own_complication_risk_n, under the pre-specified recode rules documented in Appendix A2 (Table S2 for this sheet).",M5,yes,,Described in this appendix
01_Physicians,comp_risk_any_nan,"Whether the physician declared any medical condition raising the risk of influenza complications, on the registration questionnaire (Supplement S1).",binary,0 = 230; 1 = 68,298,6,"1 = at least one such condition, 0 = none, MISSING for the six respondents who chose not to answer the item. Those six are not imputed to 0; this is what fixes the individual-level analysis set at 242 and the reporting-propensity set at 298.","M1, M4",yes,,Documented in this appendix
01_Physicians,comp_risk_n,How many long-term health conditions the physician reported that could make flu worse.,ordinal,0 = 229; 1 = 50; 2 = 13; 3 = 5,297,7,Derived variable constructed for analysis,"health-condition count, cohort description (Table 3.7)",yes,,Described in this appendix
01_Physicians,contact_children,"This shows whether a physician reported having contact with 10 or more children on a typical day, based on their own report at the start of the study.",binary,0 = 283; 1 = 21,304,0,"DERIVED from social contact answer, under the pre-specified recode rules documented in Appendix A2 (Table S2 for this sheet).",,no,source or intermediate form of contact_children_10plus; the analysis uses contact_children_10plus,Described in this appendix
01_Physicians,contact_elderly,"This shows whether the person reported having 10 or more daily contacts with elderly people before the study began (1 = yes, 0 = no).",binary,0 = 278; 1 = 26,304,0,"DERIVED from social contact answer, under the pre-specified recode rules documented in Appendix A2 (Table S2 for this sheet).",,no,source or intermediate form of contact_elderly_10plus; the analysis uses contact_elderly_10plus,Described in this appendix
01_Physicians,episode_group,"This shows how many flu episodes a physician reported during the study, grouped as none, one, or two or more.",categorical (text),2+ = 115; 0 = 112; 1 = 77,304,0,Derived variable constructed for analysis,engagement/recurrence stratification,yes,,Described in this appendix
01_Physicians,female,The physician's sex as recorded on the registration questionnaire (Supplement S1).,binary,0 = 109; 1 = 195,304,0,"1 = female, 0 = male. 195 of 304 registrants; 165 of the 248 reporters.","M1, M4, M7, M5",yes,,Described in this appendix
01_Physicians,first_week,"This shows the calendar week each physician started reporting flu cases, labeled by year and week number.",categorical (text),28 distinct text categories; most frequent: 2025-W40 = 44; 2025-W41 = 31; 2025-W46 = 27; 2025-W48 = 23,248,56,"DERIVED from week, under the pre-specified recode rules documented in Appendix A2 (Table S2 for this sheet).",participation window,yes,,Described in this appendix
01_Physicians,gp,"This row shows whether the physician was a general practitioner, based on 38 physicians identified as general practitioners out of the group studied.",binary,0 = 266; 1 = 38,304,0,"DERIVED from job_title, under the pre-specified recode rules documented in Appendix A2 (Table S2 for this sheet).",never-reporter comparison (Table 3.23),yes,,Described in this appendix
01_Physicians,had_ili_prev,"Whether the physician reported having had an influenza-like illness in the previous season, from the registration questionnaire (Supplement S1).",binary,0 = 60; 1 = 244,304,0,"1 = yes, 0 = no. 244 of 304; 201 of the 248 reporters. The care-seeking model is fitted on the 195 of those with complete covariates. it has not been possible to trace this variable to a response field in the files supplied, so its provenance is documented as unverified.",eligibility,yes,,Described in this appendix
01_Physicians,hh,"The number of people living in the physician's household, from the registration questionnaire (Supplement S1).",ordinal,1 = 69; 2 = 96; 3 = 84; 4 = 43; 5 = 8; 6 = 4,304,0,"Count, 1 to 6 (6 denotes six or more).",—,yes,,Described in this appendix
01_Physicians,high_risk_unit,"This column shows whether a person worked in a hospital unit considered higher risk for catching or spreading flu, based on the study's records.",binary,0 = 36; 1 = 76,112,192,Taken directly from the recorded response,occupational subgroup description (Table 3.8),yes,,Described in this appendix
01_Physicians,household_highrisk,"Whether anyone the physician lives with is at high risk of influenza complications, from the registration questionnaire (Supplement S1).",binary,0 = 133; 1 = 72,205,99,"1 = yes, 0 = no, MISSING for physicians living alone, who are not counted as having no such household member. Among the 248 reporters: 72 yes, 133 no, 43 missing.",descriptive (Table 3.6),yes,,Documented in this appendix
01_Physicians,ili_freq_high,"This shows whether a doctor reported having 3 to 4 or more flu-like illness cases per year, based on 84 who said yes and 164 who said no.",binary,0 = 164; 1 = 84,248,56,"DERIVED from ili_freq_ord, under the pre-specified recode rules documented in Appendix A2 (Table S2 for this sheet).",sensitivity coding of susceptibility,yes,,Described in this appendix
01_Physicians,ili_freq_ord,"How often the physician says they normally catch a flu-like illness in a year, on a 0-to-4 scale from never to very often.",ordinal,0 = 12; 1 = 190; 2 = 81; 3 = 17; 4 = 4,304,0,"DERIVED from ili_freq_per_year, under the pre-specified recode rules documented in Appendix A2 (Table S2 for this sheet).",,no,five-level form of the susceptibility variable; every model uses the four-level ili_freq_ord4 instead,Described in this appendix
01_Physicians,ili_freq_ord4,"How often the physician reported normally having an influenza-like illness in a year, averaged over the preceding three seasons, on the registration questionnaire (Supplement S1).",ordinal,0 = 12; 1 = 190; 2 = 81; 3 = 21,304,0,"Four ordered levels: 0 = never, 1 = one to two per year, 2 = three to four, 3 = five or more. The top two response options of the instrument are merged into level 3 (11 + 3 = 14 physicians), because neither supports a separate stratum. FOUR levels throughout; the five-level form is not used in any model.","M1, M4, M5, M6, M7, M8 (covariate)",yes,,Documented in this appendix
01_Physicians,institution_type,"This shows the type of health facility where the physician worked, such as a university hospital, public hospital, health directorate, or private hospital.",categorical (text),Üniversite (Kamu ya da Vakıf) - Hastane = 117; Sağlık Bakanlığı - Hastane = 75; Sağlık Bakanlığı: Merkez - İl Sağlık Müdürlüğü - İlçe Sağlık Müdürlüğü - 112 Komuta Kontrol Birimi = 73; Sağlık Bakanlığı: Aile Sağlığı Merkezi = 25; Özel Hastane / Klinik = 14,304,0,Taken directly from the recorded response,cohort description (Table 3.5),yes,,Described in this appendix
01_Physicians,job_title,"This shows the doctor's job type: specialist, faculty member with an academic title, medical trainee, or general practitioner.",categorical (text),Uzman hekim / Yan dal uzmanı hekim = 119; Akademik ünvanı olan hekim = 93; Araştırma görevlisi (ana dal veya yan dal) hekim = 54; Pratisyen hekim = 38,304,0,Taken directly from the recorded response,cohort description (Table 3.5),yes,,Described in this appendix
01_Physicians,last_week,"This shows the most recent calendar week each doctor sent in their flu report, with 2026-W20 (mid-May 2026) being the most common.",categorical (text),27 distinct text categories; most frequent: 2026-W20 = 157; 2026-W19 = 27; 2026-W18 = 8; 2026-W16 = 6,248,56,"DERIVED from week, under the pre-specified recode rules documented in Appendix A2 (Table S2 for this sheet).",participation window,yes,,Described in this appendix
01_Physicians,mask,"Whether the physician wears a mask during face-to-face examination, from the registration questionnaire (Supplement S1).",binary,0 = 69; 1 = 43,112,192,"1 = yes, 0 = no. Among the 112: 43 yes, 69 no. No interaction with the aerosol share is estimable, because the cross-classification contains a cell with one physician and one episode.",M8,yes,,Described in this appendix
01_Physicians,n_episodes,"This shows how many separate flu illness periods a physician treated during the season, ranging from none to twelve.",count,0 = 112; 1 = 77; 2 = 41; 3 = 26; 4 = 16; 5 = 15; 6 = 9; 7 = 4; 8 = 2; 11 = 1; 12 = 1,304,0,"DERIVED from new_episode, under the pre-specified recode rules documented in Appendix A2 (Table S2 for this sheet).",M7 recurrence descriptive,yes,,Described in this appendix
01_Physicians,n_episodes_A,"This shows how many times this physician reported a ""cluster A"" flu episode, with most physicians reporting none.",ordinal,0 = 234; 1 = 53; 2 = 14; 3 = 2; 4 = 1,304,0,"DERIVED from event_A, under the pre-specified recode rules documented in Appendix A2 (Table S2 for this sheet).","cluster-specific episode burden, Table 3.9",yes,,Described in this appendix
01_Physicians,n_episodes_B,"This shows how many separate flu-like illness episodes fell into cluster B for each doctor, ranging from none to twelve.",count,0 = 145; 1 = 77; 2 = 33; 3 = 26; 4 = 12; 5 = 3; 6 = 5; 7 = 1; 8 = 1; 12 = 1,304,0,"DERIVED from event_B, under the pre-specified recode rules documented in Appendix A2 (Table S2 for this sheet).","cluster-specific episode burden, Table 3.9",yes,,Described in this appendix
01_Physicians,n_episodes_C,"This shows how many doctors had 0, 1, 2, 3, or 4 flu episodes grouped into ""cluster C,"" with most having none.",ordinal,0 = 276; 1 = 19; 2 = 4; 3 = 4; 4 = 1,304,0,"DERIVED from event_C, under the pre-specified recode rules documented in Appendix A2 (Table S2 for this sheet).","cluster-specific episode burden, Table 3.9",yes,,Described in this appendix
01_Physicians,n_episodes_D,"This shows how many illness episodes fell into group D, with most physicians reporting none.",ordinal,0 = 286; 1 = 16; 2 = 1; 4 = 1,304,0,"DERIVED from event_D, under the pre-specified recode rules documented in Appendix A2 (Table S2 for this sheet).","cluster-specific episode burden, Table 3.9",yes,,Described in this appendix
01_Physicians,n_symptom_weeks,"This shows how many weeks the person had symptoms, ranging from 0 (no symptoms) up to 23 weeks in this study.",count,"numeric, 0 to 23; median 1 (IQR 0-3)",304,0,"DERIVED from symptomatic, under the pre-specified recode rules documented in Appendix A2 (Table S2 for this sheet).",descriptive,yes,,Described in this appendix
01_Physicians,n_weeks_reported,How many of the 33 season weeks the physician filed a report for.,count,"numeric, 0 to 33; median 16 (IQR 2-27)",304,0,"Count, 1 to 33 among reporters; median 20, mean 19.1. Enters the negative-binomial model with the log of eligible weeks as offset.",M7,yes,,Described in this appendix
01_Physicians,oncall_any,"This shows whether the physician worked at least one on-call shift per month, based on responses from 248 physicians.",binary,0 = 220; 1 = 28,248,56,"DERIVED from monthly_oncall_shifts, under the pre-specified recode rules documented in Appendix A2 (Table S2 for this sheet).",occupational subgroup description (Table 3.8),yes,,Described in this appendix
01_Physicians,paeds_patients,"Whether the physician's patients are mainly children, from the primary-patient-group question on the registration questionnaire (Supplement S1).",binary,0 = 126; 1 = 24,150,154,"1 = mainly children, 0 = not. 20 of the 112.",descriptive (Table 3.8),yes,,Documented in this appendix
01_Physicians,participant_id,The masked identifier that links a physician's weekly reports to one another.,categorical (text),304 distinct text categories; most frequent: HEKIM-8HRWX607J = 1; HEKIM-NLWXK07A7 = 1; HEKIM-6ZP5LGVHG = 1; HEKIM-ZHC3QZY1R = 1,304,0,"Character identifier; 304 registrants, 248 with at least one filed report.","M5, M6, M8 frailty; M10 random intercept",yes,,Described in this appendix
01_Physicians,pat_per_day,"How many patients the physician examines face to face on a typical day, from the registration questionnaire (Supplement S1).",count,"numeric, 1 to 100; median 20 (IQR 10-40)",110,194,"Count, 1 to 100; median 20 (IQR 10 to 40) among the 110 with a value. The two physicians of the 112 who left this item blank are the reason the occupational analysis set is 110.",M8,yes,,Described in this appendix
01_Physicians,prev_vax,"Whether the physician was vaccinated against influenza in the previous season, from the registration questionnaire (Supplement S1).",binary,0 = 188; 1 = 116,304,0,"1 = yes, 0 = no. 116 of 304; 99 of the 248 reporters.","M1, M4",yes,,Described in this appendix
01_Physicians,primary_patient_group,"This shows which patient group each person belongs to: Adult, Child, Age 65 and over, or Immunosuppressed (weakened immune system).",categorical (text),Erişkin = 118; Çocuk = 24; 65 yaş ve üzeri = 7; İmmünsüprese = 1,150,154,"Taken directly from the recorded response; also carried to the physician-level sheet, where it is defined for the 112 physicians who examine patients face to face (the registration questionnaire (Supplement S1))",occupational subgroup description (Table 3.8),yes,,Documented in the project codebook
01_Physicians,primarycare,"This shows whether the physician worked in a primary care or public health setting, like a family health center or local health authority, at the start of the study.",binary,0 = 206; 1 = 98,304,0,"DERIVED from institution_type, under the pre-specified recode rules documented in Appendix A2 (Table S2 for this sheet).",cohort description,yes,,Described in this appendix
01_Physicians,pub_transport_ord,"How much time the physician spends on public transport on a typical day, from the registration questionnaire (Supplement S1).",ordinal,0 = 246; 1 = 18; 2 = 27; 3 = 13,304,0,"Four ordered levels: 0 = usually none, 1 = up to 30 minutes, 2 = 31 to 90 minutes, 3 = more than 90 minutes. The instrument's 31-to-60 and 61-to-90 options are merged into level 2.",M4,yes,,Described in this appendix
01_Physicians,pub_transport_user,"This person reported whether they use public transportation, with 51 saying yes and 197 saying no.",binary,0 = 197; 1 = 51,248,56,"DERIVED from public_transport_time, under the pre-specified recode rules documented in Appendix A2 (Table S2 for this sheet).",M5,yes,,Described in this appendix
01_Physicians,recurrent_2plus,"This shows whether a doctor had two or more flu episodes during the study, with 115 doctors meeting that and 189 not.",binary,0 = 189; 1 = 115,304,0,"DERIVED from n_episodes, under the pre-specified recode rules documented in Appendix A2 (Table S2 for this sheet).",recurrence share indicator,yes,,Described in this appendix
01_Physicians,reg_week,"This shows the calendar week each patient was signed up for the study, such as week 45 of 2025.",categorical (text),26 distinct text categories; most frequent: 2025-W45 = 65; 2025-W41 = 31; 2025-W39 = 18; 2025-W37 = 17,248,56,Taken directly from the recorded response,accrual description (Figure 3.1.2),yes,,Described in this appendix
01_Physicians,reported,Whether the registrant ever filed a weekly report during the season.,binary,0 = 56; 1 = 248,304,0,"1 = at least one weekly report, 0 = none. 248 of 304 registrants.",M4,yes,,Described in this appendix
01_Physicians,resident,"This shows whether the doctor was a resident (a physician still in training) when the study began, based on 54 out of the doctors surveyed.",binary,0 = 250; 1 = 54,304,0,"DERIVED from job_title, under the pre-specified recode rules documented in Appendix A2 (Table S2 for this sheet).",cohort description,yes,,Described in this appendix
01_Physicians,school_kids,How many school-age children live in the physician's household.,ordinal,0 = 129; 1 = 81; 2 = 26; 3 = 3; 4 = 2,241,63,Derived variable constructed for analysis,,no,source or intermediate form of school_kids_any; the analysis uses school_kids_any,Described in this appendix
01_Physicians,school_kids_any,"Whether at least one school-age child lives in the physician's household, from the household composition question on the registration questionnaire (Supplement S1).",binary,0 = 192; 1 = 112,304,0,"1 if the reported number of school-age children is one or more, else 0. Physicians who reported living alone and left the count blank are set to 0 (63 records, all with household size 1). 112 of 304 registrants.","M1, M4, M5, M6, M7, M8",yes,,Described in this appendix
01_Physicians,sees_pat,"Whether the physician examines patients face to face, as opposed to working in a laboratory, consultative or non-clinical role, from the registration questionnaire (Supplement S1).",binary,0 = 154; 1 = 150,304,0,"1 = face-to-face examination, 0 = not. 150 of 304 registrants; 112 of the 248 reporters, which is the occupational subgroup (cohort_112_primary).","M1, M4, M7; defines the 112 subgroup, M5",yes,,Described in this appendix
01_Physicians,sex,This column shows whether the physician is female (Kadın) or male (Erkek).,categorical (text),Kadın = 195; Erkek = 109,304,0,Taken directly from the recorded response,cohort description,yes,,Described in this appendix
01_Physicians,smoker_current,"Whether the physician currently uses tobacco, from the tobacco question on the registration questionnaire (Supplement S1).",binary,0 = 243; 1 = 61,304,0,"1 = current use (daily or occasional), 0 = never or former. 61 of 304; 49 of the 248 reporters.","M4, M5",yes,,Described in this appendix
01_Physicians,smoker_regular,"1 if the physician uses tobacco every day, as opposed to occasionally or not at all.",binary,0 = 229; 1 = 19,248,56,"DERIVED from tobacco_status, under the pre-specified recode rules documented in Appendix A2 (Table S2 for this sheet).",,no,source or intermediate form of smoker_current; the analysis uses smoker_current,Described in this appendix
01_Physicians,social_risk_score,"How many kinds of out-of-household close contact the physician has on a typical day - with more than ten children, more than ten adults aged 18 to 65, and more than ten people aged 65 or over - from the registration questionnaire (Supplement S1).",ordinal,0 = 78; 1 = 147; 2 = 17; 3 = 6,248,56,"Sum of the three contact indicators, 0 to 3. Defined for the 248 reporters (0: 78, 1: 147, 2: 17, 3: 6); the 56 never-reporters are missing on this variable in 01_Physicians. Three physicians carry a score with the three component indicators blank, so the score cannot be recomputed from its components for those records.",M5; descriptive covariate profile (Table 3.15),yes,,Documented in this appendix
01_Physicians,sought_care,"Whether the physician reported having sought health care for an influenza-like illness in the previous season, on the registration questionnaire (Supplement S1).",binary,0 = 237; 1 = 67,304,0,"1 = at least one outpatient, emergency or inpatient contact; 0 = self-managed or no illness needing treatment.","M1, M5",yes,,Described in this appendix
01_Physicians,tobacco_status,"This shows whether the person never smoked, used to smoke, smokes occasionally, or smokes every day, with a few unknown.",categorical (text),never = 163; former = 34; occasional = 29; daily = 19; unknown = 3,248,56,"DERIVED from tobacco_use, under the pre-specified recode rules documented in Appendix A2 (Table S2 for this sheet).",,no,source or intermediate form of smoker_current; the analysis uses smoker_current,Described in this appendix
01_Physicians,university,"Whether the physician works in a university hospital, from the institution question on the registration questionnaire (Supplement S1).",binary,0 = 187; 1 = 117,304,0,"1 = university hospital, 0 = other institution. 117 of 304; 105 of the 248 reporters.",M4,yes,,Described in this appendix
01_Physicians,vax,"Whether the physician reported, on the registration questionnaire (Supplement S1), having received a seasonal influenza vaccination in the current season.",binary,0 = 203; 1 = 101,304,0,"1 = yes, 0 = no. 101 of the 304 registrants; 91 of the 248 active reporters.",M1,yes,,Described in this appendix
01_Physicians,vax_iso_week,"This shows the week of the year, from 1 to 52, when the doctor got their flu vaccine.",count,"numeric, 1 to 52; median 44 (IQR 43-45)",91,213,Taken directly from the recorded response,M6 exposure timing,yes,,Described in this appendix
01_Physicians,vax_week_idx,The season week number (1–33) in which the physician was vaccinated; empty if not vaccinated.,count,"numeric, 1 to 16; median 5 (IQR 4-7)",91,213,"DERIVED from vax_iso_week, under the pre-specified recode rules documented in Appendix A2 (Table S2 for this sheet).",M6 exposure timing; cumulative coverage indicator,yes,,Described in this appendix
01_Physicians,vuln_patients,"Whether the physician's patients are mainly people aged 65 and over or immunosuppressed, from the primary-patient-group question on the registration questionnaire (Supplement S1).",binary,0 = 142; 1 = 8,150,154,"1 = mainly elderly or immunosuppressed, 0 = not. 5 of the 112.",descriptive (Table 3.8),yes,,Documented in this appendix
02_PersonWeeks,academic,"Whether this doctor holds an academic title, such as professor, based on 93 out of 304 doctors in the study.",binary,0 = 2938; 1 = 1791,4729,0,"DERIVED from job_title, under the pre-specified recode rules documented in Appendix A2 (Table S2 for this sheet).",cohort description; never-reporter comparison (Table 3.23),yes,,Described in this appendix
02_PersonWeeks,active,"Note: this is the physical-activity survey answer (1 = reports being physically active), NOT a measure of taking part in the study. 19 physicians who never filed a single weekly report have active=1.",binary,0 = 2405; 1 = 2324,4729,0,Derived variable constructed for analysis,M5; cohort description (physical activity); descriptive covariate profile,yes,,Described in this appendix
02_PersonWeeks,aerosol_ord,"What share of the physician's examinations involves procedures that aerosolise respiratory secretions, from the registration questionnaire (Supplement S1).",ordinal,0 = 1199; 1 = 418; 2 = 66; 3 = 105,1788,2941,"Four ordered levels: 0 = never performs, 1 = under 10% of examinations, 2 = 10 to 20%, 3 = over 20%. Among the 112: 68 / 27 / 7 / 10.",M8,yes,,Described in this appendix
02_PersonWeeks,aerosol_procedure_pct,"This shows how often the doctor performed procedures that release tiny airborne particles, ranging from never to more than 20% of the time.",categorical (text),Hiç gerçekleştirmiyor = 1199; %10'dan az = 418; %20'den fazla = 105; %10-20 = 66,1788,2941,Taken directly from the recorded response,,no,source or intermediate form of aerosol_ord; the analysis uses aerosol_ord,Documented in the project codebook
02_PersonWeeks,age,"This shows the physician's age, calculated from their birth year, ranging from 24 to 72 years old.",count,"numeric, 25 to 72; median 36 (IQR 33-48)",4729,0,"DERIVED from birth_year, under the pre-specified recode rules documented in Appendix A2 (Table S2 for this sheet).",cohort description (Table 3.4),yes,,Described in this appendix
02_PersonWeeks,age10,"The physician's age at the start of the season, from the year of birth given on the registration questionnaire (Supplement S1), rescaled so one unit is ten years.",continuous,"numeric, 2.5 to 7.2; median 3.6 (IQR 3.3-4.8)",4729,0,(2025 minus year of birth) / 10; range 2.4 to 7.2.,"M1, M4, M5, M6, M7, M8",yes,,Described in this appendix
02_PersonWeeks,age_band,"This shows which age group the doctor belongs to: under 35, 35-44, 45-54, or 55 and older.",categorical (text),<35 = 1815; 35-44 = 1485; 55+ = 818; 45-54 = 611,4729,0,"DERIVED from age, under the pre-specified recode rules documented in Appendix A2 (Table S2 for this sheet).",,no,source or intermediate form of age10; the analysis uses age10,Documented in the project codebook
02_PersonWeeks,agent_A,1 if the illness was judged to be flu-like (group A). This is the measure compared against the national flu surveillance system.,binary,0 = 4632; 1 = 97,4729,0,1 if agent_cluster is the A group,M9 (weekly A-cluster numerator),yes,,Documented in the project codebook
02_PersonWeeks,agent_cluster,"The clinician's judgement of what most likely caused the illness, in four groups: A viral with whole-body effects (flu-like), B viral affecting one area (such as a common cold), C bacterial, D cannot tell.",categorical (text),B KÜMESİ (Viral - Lokal Etki) = 428; A KÜMESİ (Viral - Sistemik Etki) = 97; C KÜMESİ (Bakteriyel etkenler) = 50; D Kümesi: Ayırt edemem/Bilmiyorum = 25,600,4129,Taken directly from the recorded response,M6 cluster-specific contrasts,yes,,Documented in the project codebook
02_PersonWeeks,allergy,"Whether the physician reported a respiratory allergy, from the registration questionnaire (Supplement S1).",binary,0 = 2975; 1 = 1754,4729,0,"1 = yes, 0 = no. 120 of 304; 96 of the 248 reporters. Blank responses are read as no.",M5,yes,,Described in this appendix
02_PersonWeeks,at_risk_new_episode,Whether the physician could have started a new illness in that week; weeks continuing an illness already running could not.,binary,0 = 103; 1 = 4626,4729,0,"1 unless the week continues an episode reported the week before; 4,626 of 4,729 person-weeks. This is the denominator of every incidence rate in the Results.","M5, M6, M8; every incidence denominator",yes,,Described in this appendix
02_PersonWeeks,birth_year,"This shows the birth year of each physician in the study, ranging from 1953 to 2000.",count,"numeric, 1953 to 2000; median 1989 (IQR 1977-1992)",4729,0,Taken directly from the recorded response,,no,source or intermediate form of age10; the analysis uses age10,Documented in the project codebook
02_PersonWeeks,cluster_letter,"Just the letter of the cause group: A, B, C or D.",categorical (text),B = 428; A = 97; C = 50; D = 25,600,4129,Derived variable constructed for analysis,M6 cluster-specific contrasts,yes,,Described in this appendix
02_PersonWeeks,cohort_112_primary,"Whether the physician filed at least one weekly report, and whether they additionally examine patients face to face.",binary,0 = 2941; 1 = 1788,4729,0,cohort_248_reporter = 1 if reported = 1 (248 of 304); cohort_112_primary = 1 if reported = 1 and sees_pat = 1 (112 of 304).,defines the 112 occupational subgroup,yes,,Described in this appendix
02_PersonWeeks,comp_risk,"This shows how many risk factors for complications each doctor had, ranging from none (most common) to three (least common).",ordinal,0 = 3612; 1 = 722; 2 = 270; 3 = 64,4668,61,"DERIVED from komorbidite, under the pre-specified recode rules documented in Appendix A2 (Table S2 for this sheet).",,no,source or intermediate form of comp_risk_any_nan; the analysis uses comp_risk_any_nan,Documented in the project codebook
02_PersonWeeks,comp_risk_any,1 if the physician has at least one long-term health condition that could make flu worse.,binary,0 = 3673; 1 = 1056,4729,0,"DERIVED from own_complication_risk_n, under the pre-specified recode rules documented in Appendix A2 (Table S2 for this sheet).",M5,yes,,Described in this appendix
02_PersonWeeks,comp_risk_any_nan,"Whether the physician declared any medical condition raising the risk of influenza complications, on the registration questionnaire (Supplement S1).",binary,0 = 3612; 1 = 1056,4668,61,"1 = at least one such condition, 0 = none, MISSING for the six respondents who chose not to answer the item. Those six are not imputed to 0; this is what fixes the individual-level analysis set at 242 and the reporting-propensity set at 298.","M1, M4",yes,,Documented in this appendix
02_PersonWeeks,comp_risk_n,How many long-term health conditions the physician reported that could make flu worse.,ordinal,0 = 3612; 1 = 722; 2 = 270; 3 = 64,4668,61,Derived variable constructed for analysis,"health-condition count, cohort description (Table 3.7)",yes,,Described in this appendix
02_PersonWeeks,contact_adults_10plus,"This shows whether the person reported having contact with 10 or more adults on a typical day, marked yes or no.",binary,0 = 1385; 1 = 3248,4633,96,"DERIVED from social contact answer, under the pre-specified recode rules documented in Appendix A2 (Table S2 for this sheet).",component of social_risk_score,yes,,Documented in the project codebook
02_PersonWeeks,contact_children,"This shows whether a physician reported having contact with 10 or more children on a typical day, based on their own report at the start of the study.",binary,0 = 4458; 1 = 271,4729,0,"DERIVED from social contact answer, under the pre-specified recode rules documented in Appendix A2 (Table S2 for this sheet).",,no,source or intermediate form of contact_children_10plus; the analysis uses contact_children_10plus,Described in this appendix
02_PersonWeeks,contact_children_10plus,This shows whether a person reported having contact with 10 or more children or teenagers on a given day (yes or no).,binary,0 = 4392; 1 = 241,4633,96,"DERIVED from social contact answer, under the pre-specified recode rules documented in Appendix A2 (Table S2 for this sheet).",component of social_risk_score,yes,,Documented in the project codebook
02_PersonWeeks,contact_elderly,"This shows whether the person reported having 10 or more daily contacts with elderly people before the study began (1 = yes, 0 = no).",binary,0 = 4434; 1 = 295,4729,0,"DERIVED from social contact answer, under the pre-specified recode rules documented in Appendix A2 (Table S2 for this sheet).",,no,source or intermediate form of contact_elderly_10plus; the analysis uses contact_elderly_10plus,Described in this appendix
02_PersonWeeks,contact_elderly_10plus,"This shows whether the physician reported having daily contact with 10 or more elderly people, based on data from 4,633 physicians.",binary,0 = 4338; 1 = 295,4633,96,"DERIVED from social contact answer, under the pre-specified recode rules documented in Appendix A2 (Table S2 for this sheet).",component of social_risk_score,yes,,Documented in the project codebook
02_PersonWeeks,daily_routine_impact,"This shows whether the person had to pause work or daily activities because of illness, and if so, whether they were treated at home or needed hospital care.",categorical (text),Evet - ancak İŞE ARA VEREMEDİM = 43; Evet - İŞE ARA VERDİM: Ayaktan izlem ve tedavi = 31; Hayır değişmedi - günlük aktivitelerime her zamanki gibi devam edebildim = 22; Evet - İŞE ARA VERDİM: Yatış Gerektiren izlem ve tedavi = 1,97,4632,Taken directly from the recorded response,clinical-course description of A-cluster episodes (Table 3.10),yes,,Documented in the project codebook
02_PersonWeeks,diagnostic_test,"This shows whether the person got a flu test done, and if so, what type and whether the result was positive or negative.",categorical (text),TEST YAPTIRMADIM = 91; PCR Yaptırdım: Sonuç NEGATİF = 2; HIZLI TEST YAPTIRDIM: İnfluenza Pozitif = 2; Hızlı Test Yaptırdım: Sonuç NEGATİF = 1; Henüz yaptırmadım; ancak kısa süre içinde test yaptırmayı planlıyorum = 1,97,4632,Taken directly from the recorded response,clinical-course description (Table 3.10),yes,,Documented in the project codebook
02_PersonWeeks,episode_group,"This shows how many flu episodes a physician reported during the study, grouped as none, one, or two or more.",categorical (text),2+ = 2731; 1 = 1385; 0 = 613,4729,0,Derived variable constructed for analysis,engagement/recurrence stratification,yes,,Described in this appendix
02_PersonWeeks,episode_id,"Code for one illness episode, so the weeks belonging to the same illness can be grouped together.",categorical (text),497 distinct text categories; most frequent: HEKIM-8HZRO0MZZ_E1 = 2; HEKIM-8ZYH2TET2_E3 = 2; HEKIM-TQAC7XLZZ_E1 = 2; HEKIM-7UQL4VFMM_E2 = 2,600,4129,"DERIVED from participant_id, under the pre-specified recode rules documented in Appendix A2 (Table S2 for this sheet).","M5, M6 episode ordering",yes,,Documented in the project codebook
02_PersonWeeks,episode_number,"This shows how many illness episodes this physician had reported so far, including the current one, ranging from 0 to 12.",count,"numeric, 0 to 12; median 1 (IQR 0-2)",4729,0,Derived variable constructed for analysis,PWP gap-time episode order,yes,,Described in this appendix
02_PersonWeeks,episode_week,"This shows which week of the flu season the report covers, counted in order from the start.",ordinal,1 = 497; 2 = 103,600,4129,"DERIVED from episode_id, week_idx, under the pre-specified recode rules documented in Appendix A2 (Table S2 for this sheet).",episode-week ordering,yes,,Documented in the project codebook
02_PersonWeeks,event,"This column shows whether a physician reported a new flu-like illness episode starting during that record, with 497 such new episodes recorded.",binary,0 = 4232; 1 = 497,4729,0,Derived variable constructed for analysis,"M5, M6, M8 (identical to new_episode)",yes,,Described in this appendix
02_PersonWeeks,event_A,"Whether a new episode was judged by the reporting physician, on the weekly form (Supplement S1), to have a viral systemic (influenza-like) presentation rather than a viral local, bacterial or undetermined one.",binary,0 = 4638; 1 = 91,4729,0,"1 for an incident episode in the A cluster, 0 otherwise. 91 of the 497 episodes. The related person-week flag agent_A counts 97 A-cluster symptomatic weeks, of which 91 are incident.",M6,yes,,Described in this appendix
02_PersonWeeks,event_B,"1 in the week a new group-B illness (a viral illness affecting one area, such as a common cold) began. Group B is the comparison group chosen in advance to check the method.",binary,0 = 4388; 1 = 341,4729,0,Derived variable constructed for analysis,"M6 negative-control (B-cluster) contrast, Table 3.17",yes,,Described in this appendix
02_PersonWeeks,event_C,"This row shows whether a new bacterial-related illness episode occurred, with 43 such cases recorded out of 4,729 total observations.",binary,0 = 4686; 1 = 43,4729,0,Derived variable constructed for analysis,"M6 cluster-specific contrast, Table 3.17",yes,,Described in this appendix
02_PersonWeeks,event_D,"This shows whether the case was recorded as belonging to an unidentified group of illnesses (Cluster D), with 22 cases marked yes and 4,707 marked no.",binary,0 = 4707; 1 = 22,4729,0,Derived variable constructed for analysis,"M6 cluster-specific contrast, Table 3.17",yes,,Described in this appendix
02_PersonWeeks,female,The physician's sex as recorded on the registration questionnaire (Supplement S1).,binary,0 = 1790; 1 = 2939,4729,0,"1 = female, 0 = male. 195 of 304 registrants; 165 of the 248 reporters.","M1, M4, M7, M5",yes,,Described in this appendix
02_PersonWeeks,gap_before,"Whether the physician's preceding filed report is more than one week earlier, so that this week follows a break in reporting.",binary,0 = 4201; 1 = 528,4729,0,"1 = follows a gap, 0 = follows a contiguous filed week. 528 of 4,729 person-weeks. Enters the post-gap coding analysis on the 4,378 person-weeks that have a preceding week within the physician's own record.",M10,yes,,Described in this appendix
02_PersonWeeks,gp,"This row shows whether the physician was a general practitioner, based on 38 physicians identified as general practitioners out of the group studied.",binary,0 = 4311; 1 = 418,4729,0,"DERIVED from job_title, under the pre-specified recode rules documented in Appendix A2 (Table S2 for this sheet).",never-reporter comparison (Table 3.23),yes,,Described in this appendix
02_PersonWeeks,had_ili_prev,"Whether the physician reported having had an influenza-like illness in the previous season, from the registration questionnaire (Supplement S1).",binary,0 = 755; 1 = 3974,4729,0,"1 = yes, 0 = no. 244 of 304; 201 of the 248 reporters. The care-seeking model is fitted on the 195 of those with complete covariates. it has not been possible to trace this variable to a response field in the files supplied, so its provenance is documented as unverified.",eligibility,yes,,Described in this appendix
02_PersonWeeks,hh,"The number of people living in the physician's household, from the registration questionnaire (Supplement S1).",ordinal,1 = 937; 2 = 1513; 3 = 1326; 4 = 819; 5 = 110; 6 = 24,4729,0,"Count, 1 to 6 (6 denotes six or more).",—,yes,,Described in this appendix
02_PersonWeeks,high_risk_unit,"This column shows whether a person worked in a hospital unit considered higher risk for catching or spreading flu, based on the study's records.",categorical (text),Hiçbiri = 606; Aile Hekimliği = 340; Enfeksiyon Hastalıkları ve Klinik Mikrobiyoloji = 313; Pediatri = 307; Acil Servis = 95; Anestezi ve Reanimasyon / Yoğun Bakım = 72; Göğüs Hastalıkları = 55,1788,2941,Taken directly from the recorded response,occupational subgroup description (Table 3.8),yes,,Described in this appendix
02_PersonWeeks,high_risk_unit_flag,"This shows whether the physician works in a unit considered to have a higher chance of flu spreading, with about two-thirds marked as higher-risk.",binary,0 = 606; 1 = 1182,1788,2941,"DERIVED from high_risk_unit, under the pre-specified recode rules documented in Appendix A2 (Table S2 for this sheet).",,no,source or intermediate form of high_risk_unit; the analysis uses high_risk_unit,Documented in the project codebook
02_PersonWeeks,household_complication_risk,This shows whether someone in the person's household has health conditions that make flu complications more likely.,ordinal,1 = 1345; 2 = 2505,3850,879,Taken directly from the recorded response,,no,source or intermediate form of household_highrisk; the analysis uses household_highrisk,Documented in the project codebook
02_PersonWeeks,household_highrisk,"Whether anyone the physician lives with is at high risk of influenza complications, from the registration questionnaire (Supplement S1).",binary,0 = 2505; 1 = 1345,3850,879,"1 = yes, 0 = no, MISSING for physicians living alone, who are not counted as having no such household member. Among the 248 reporters: 72 yes, 133 no, 43 missing.",descriptive (Table 3.6),yes,,Documented in this appendix
02_PersonWeeks,household_school_children,"This shows how many children in the household attend school, ranging from none to four.",ordinal,0 = 1931; 1 = 1352; 2 = 520; 3 = 46; 4 = 1,3850,879,Taken directly from the recorded response,,no,source or intermediate form of school_kids_any; the analysis uses school_kids_any,Documented in the project codebook
02_PersonWeeks,household_size,"This shows how many people lived in each doctor's household, with ""6"" meaning six or more people.",ordinal,1 = 937; 2 = 1513; 3 = 1326; 4 = 819; 5 = 110; 6 = 24,4729,0,Taken directly from the recorded response,,no,source or intermediate form of hh; the analysis uses hh,Documented in the project codebook
02_PersonWeeks,hru,"This shows whether a flock (group of animals) was identified as at higher risk, with 1 meaning higher risk and 0 meaning not.",binary,0 = 606; 1 = 1182,1788,2941,"DERIVED from high_risk_unit_flag, under the pre-specified recode rules documented in Appendix A2 (Table S2 for this sheet).",,no,source or intermediate form of high_risk_unit; the analysis uses high_risk_unit,Documented in the project codebook
02_PersonWeeks,ili_freq_high,"This shows whether a doctor reported having 3 to 4 or more flu-like illness cases per year, based on 84 who said yes and 164 who said no.",binary,0 = 3129; 1 = 1600,4729,0,"DERIVED from ili_freq_ord, under the pre-specified recode rules documented in Appendix A2 (Table S2 for this sheet).",sensitivity coding of susceptibility,yes,,Described in this appendix
02_PersonWeeks,ili_freq_ord,"How often the physician says they normally catch a flu-like illness in a year, on a 0-to-4 scale from never to very often.",ordinal,0 = 138; 1 = 2991; 2 = 1416; 3 = 121; 4 = 63,4729,0,"DERIVED from ili_freq_per_year, under the pre-specified recode rules documented in Appendix A2 (Table S2 for this sheet).",,no,five-level form of the susceptibility variable; every model uses the four-level ili_freq_ord4 instead,Described in this appendix
02_PersonWeeks,ili_freq_ord4,"How often the physician reported normally having an influenza-like illness in a year, averaged over the preceding three seasons, on the registration questionnaire (Supplement S1).",ordinal,0 = 138; 1 = 2991; 2 = 1416; 3 = 184,4729,0,"Four ordered levels: 0 = never, 1 = one to two per year, 2 = three to four, 3 = five or more. The top two response options of the instrument are merged into level 3 (11 + 3 = 14 physicians), because neither supports a separate stratum. FOUR levels throughout; the five-level form is not used in any model.","M1, M4, M5, M6, M7, M8 (covariate)",yes,,Documented in this appendix
02_PersonWeeks,ili_freq_per_year,"This shows how often each doctor reported having flu-like symptoms in a year, ranging from never to more than 6 times.",categorical (text),Yılda 1-2 defa = 2991; Yılda 3-4 defa = 1416; Hiç = 138; Yılda 5-6 defa = 121; Yılda 6'dan fazla defa = 63,4729,0,Taken directly from the recorded response,,no,source or intermediate form of ili_freq_ord4; the analysis uses ili_freq_ord4,Documented in the project codebook
02_PersonWeeks,ili_healthcare_visit_2024_25,"This shows whether the person visited a doctor or hospital for a flu-like illness during the 2024-25 season, or treated themselves, or didn't get sick.",categorical (text),Kendi tedavimi düzenledim; geçtiğimiz yıl bir sağlık kuruluşuna başvurmadım. = 2852; Bir meslektaşımın elektif görüşü için geçtiğimiz yıl  acil polikliniği hariç bir sağlık kuruluşuna en az 1 kere ayaktan başvurdum. = 874; Tedavi ihtiyacı gerektirecek grip benzeri bir hastalık geçirmedim. = 755; Acil polikliniğe en az 1 kere başvurdum ve yatış gerektiren tedavi gerekmedi. = 241; En az 1 kere yatış gerektiren tedavi aldım. = 7,4729,0,Taken directly from the recorded response,,no,source or intermediate form of sought_care; the analysis uses sought_care,Documented in the project codebook
02_PersonWeeks,institution_type,"This shows the type of health facility where the physician worked, such as a university hospital, public hospital, health directorate, or private hospital.",categorical (text),Üniversite (Kamu ya da Vakıf) - Hastane = 2246; Sağlık Bakanlığı: Merkez - İl Sağlık Müdürlüğü - İlçe Sağlık Müdürlüğü - 112 Komuta Kontrol Birimi = 1230; Sağlık Bakanlığı - Hastane = 846; Sağlık Bakanlığı: Aile Sağlığı Merkezi = 244; Özel Hastane / Klinik = 163,4729,0,Taken directly from the recorded response,cohort description (Table 3.5),yes,,Described in this appendix
02_PersonWeeks,job_title,"This shows the doctor's job type: specialist, faculty member with an academic title, medical trainee, or general practitioner.",categorical (text),Akademik ünvanı olan hekim = 1791; Uzman hekim / Yan dal uzmanı hekim = 1714; Araştırma görevlisi (ana dal veya yan dal) hekim = 806; Pratisyen hekim = 418,4729,0,Taken directly from the recorded response,cohort description (Table 3.5),yes,,Described in this appendix
02_PersonWeeks,mask,"Whether the physician wears a mask during face-to-face examination, from the registration questionnaire (Supplement S1).",binary,0 = 1267; 1 = 521,1788,2941,"1 = yes, 0 = no. Among the 112: 43 yes, 69 no. No interaction with the aerosol share is estimable, because the cross-classification contains a cell with one physician and one episode.",M8,yes,,Described in this appendix
02_PersonWeeks,mask_use,"This shows whether the person was wearing a mask during their check-up, with most people not wearing one and some wearing one.",categorical (text),Hayır = 1267; Evet = 521,1788,2941,Taken directly from the recorded response,,no,source or intermediate form of mask; the analysis uses mask,Documented in the project codebook
02_PersonWeeks,medication_use,"This shows what treatment a patient used while recovering at home, such as pain/fever relievers like ibuprofen, antiviral drugs, or no medication at all.",categorical (text),"Ayaktan İzlem ve Tedavi: Nonsteroid Antiinflamatuar İlaç (örn. parasetamol; ibuprofen; aspirin vb.) = 63; İlaç kullanma ihtiyacım olmadı = 14; Ayaktan İzlem ve Tedavi: Nonsteroid Antiinflamatuar İlaç (örn. parasetamol; ibuprofen; aspirin vb.), Ayaktan İzlem ve Tedavi: Antiviral İlaçlar (örn. oseltamivir) = 9; Ayaktan İzlem ve Tedavi: Antiviral İlaçlar (örn. oseltamivir) = 5; Ayaktan İzlem ve Tedavi: Antibiyotik İlaçlar = 2; Yatış Gerektiren İzlem ve Tedavi = 2; Ayaktan İzlem ve Tedavi: Antiviral İlaçlar (örn. oseltamivir), Ayaktan İzlem ve Tedavi: Antibiyotik İlaçlar = 1; Ayaktan İzlem ve Tedavi: Nonsteroid Antiinflamatuar İlaç (örn. parasetamol; ibuprofen; aspirin vb.), Ayaktan İzlem ve Tedavi: Antibiyotik İlaçlar = 1",97,4632,Taken directly from the recorded response,clinical-course description (Table 3.10),yes,,Documented in the project codebook
02_PersonWeeks,monthly_oncall_shifts,"This shows how many on-call shifts the physician worked that month, with most doctors reporting none.",count,0 = 1433; 1 = 77; 2 = 48; 3 = 13; 4 = 57; 5 = 53; 6 = 30; 7 = 32; 8 = 22; 9 = 23,1788,2941,Taken directly from the recorded response,,no,source or intermediate form of oncall_n; the analysis uses oncall_n,Documented in the project codebook
02_PersonWeeks,n_episodes,"This shows how many separate flu illness periods a physician treated during the season, ranging from none to twelve.",count,0 = 613; 1 = 1385; 2 = 1008; 3 = 538; 4 = 417; 5 = 312; 6 = 243; 7 = 100; 8 = 51; 11 = 32; 12 = 30,4729,0,"DERIVED from new_episode, under the pre-specified recode rules documented in Appendix A2 (Table S2 for this sheet).",M7 recurrence descriptive,yes,,Described in this appendix
02_PersonWeeks,new_episode,"Whether the physician declared, on the weekly reporting form (Supplement S1), that an influenza-like illness began in that week, as distinct from the continuation of an illness reported the week before.",binary,0 = 4232; 1 = 497,4729,0,"1 in the week a new episode began, 0 otherwise. 497 incident episodes in 4,729 person-weeks; the 103 continuation weeks are 0 and are not at risk.","M5, M6, M8",yes,,Described in this appendix
02_PersonWeeks,obs_seq,"Where this week sits in that physician's own sequence of filed reports: 1 is their first report, 2 their second, and so on.",count,"numeric, 1 to 33; median 12 (IQR 6-19)",4729,0,"Rank of this week within that physician's own filed reports, ordered by week",panel-structure check,yes,,Described in this appendix
02_PersonWeeks,oncall_any,"This shows whether the physician worked at least one on-call shift per month, based on responses from 248 physicians.",binary,0 = 4374; 1 = 355,4729,0,"DERIVED from monthly_oncall_shifts, under the pre-specified recode rules documented in Appendix A2 (Table S2 for this sheet).",occupational subgroup description (Table 3.8),yes,,Described in this appendix
02_PersonWeeks,oncall_n,"How many primary on-call shifts the physician works in a month, from the registration questionnaire (Supplement S1).",count,0 = 1433; 1 = 77; 2 = 48; 3 = 13; 4 = 57; 5 = 53; 6 = 30; 7 = 32; 8 = 22; 9 = 23,1788,2941,"Count, 0 to 9; median 0, with 28 of the 112 taking any call.",M8,yes,,Documented in the project codebook
02_PersonWeeks,own_complication_risk_n,"This shows how many health conditions make a person more likely to have complications from the flu, from none up to three or more.",ordinal,0 = 3612; 1 = 722; 2 = 270; 3 = 64,4668,61,"DERIVED from komorbidite, under the pre-specified recode rules documented in Appendix A2 (Table S2 for this sheet).",,no,source or intermediate form of comp_risk_n; the analysis uses comp_risk_n,Documented in the project codebook
02_PersonWeeks,paeds_patients,"Whether the physician's patients are mainly children, from the primary-patient-group question on the registration questionnaire (Supplement S1).",binary,0 = 1393; 1 = 395,1788,2941,"1 = mainly children, 0 = not. 20 of the 112.",descriptive (Table 3.8),yes,,Documented in this appendix
02_PersonWeeks,participant_id,The masked identifier that links a physician's weekly reports to one another.,categorical (text),248 distinct text categories; most frequent: HEKIM-03024MPJ5 = 33; HEKIM-GUYPAYTIJ = 33; HEKIM-QR60U8T2R = 33; HEKIM-OCA28P31F = 33,4729,0,"Character identifier; 304 registrants, 248 with at least one filed report.","M5, M6, M8 frailty; M10 random intercept",yes,,Described in this appendix
02_PersonWeeks,pat_per_day,"How many patients the physician examines face to face on a typical day, from the registration questionnaire (Supplement S1).",count,"numeric, 1 to 100; median 20 (IQR 10-40)",1766,2963,"Count, 1 to 100; median 20 (IQR 10 to 40) among the 110 with a value. The two physicians of the 112 who left this item blank are the reason the occupational analysis set is 110.",M8,yes,,Described in this appendix
02_PersonWeeks,patients_per_day,"This shows how many patients a doctor sees in a typical day, ranging from just 1 to as many as 100.",count,"numeric, 1 to 100; median 20 (IQR 10-40)",1766,2963,Taken directly from the recorded response,,no,source or intermediate form of pat_per_day; the analysis uses pat_per_day,Documented in the project codebook
02_PersonWeeks,phys_active,Exact duplicate of the 'active' column: the physical-activity survey answer. Not a participation measure.,binary,0 = 2405; 1 = 2324,4729,0,Derived variable constructed for analysis,descriptive covariate profile (Table 3.15),yes,,Described in this appendix
02_PersonWeeks,physical_activity_ok,"This shows whether the person reported getting enough physical activity, with ""Evet"" meaning Yes and ""Hayır"" meaning No.",categorical (text),Hayır = 2383; Evet = 2324,4707,22,Taken directly from the recorded response,,no,source or intermediate form of active; the analysis uses active,Documented in the project codebook
02_PersonWeeks,prev_season_vaccine,"Shows whether the person got a flu vaccine the season before this study, based on what they reported.",binary,0 = 2890; 1 = 1839,4729,0,"DERIVED from preceding-season vaccination answer, under the pre-specified recode rules documented in Appendix A2 (Table S2 for this sheet).",,no,source or intermediate form of prev_vax; the analysis uses prev_vax,Documented in the project codebook
02_PersonWeeks,prev_vax,"Whether the physician was vaccinated against influenza in the previous season, from the registration questionnaire (Supplement S1).",binary,0 = 2890; 1 = 1839,4729,0,"1 = yes, 0 = no. 116 of 304; 99 of the 248 reporters.","M1, M4",yes,,Described in this appendix
02_PersonWeeks,primary_patient_group,"This shows which patient group each person belongs to: Adult, Child, Age 65 and over, or Immunosuppressed (weakened immune system).",categorical (text),Erişkin = 1318; Çocuk = 395; 65 yaş ve üzeri = 66; İmmünsüprese = 9,1788,2941,"Taken directly from the recorded response; also carried to the physician-level sheet, where it is defined for the 112 physicians who examine patients face to face (the registration questionnaire (Supplement S1))",occupational subgroup description (Table 3.8),yes,,Documented in the project codebook
02_PersonWeeks,primarycare,"This shows whether the physician worked in a primary care or public health setting, like a family health center or local health authority, at the start of the study.",binary,0 = 3255; 1 = 1474,4729,0,"DERIVED from institution_type, under the pre-specified recode rules documented in Appendix A2 (Table S2 for this sheet).",cohort description,yes,,Described in this appendix
02_PersonWeeks,province_code,"This number identifies the province where the physician works, using Türkiye's standard province numbering system.",count,"numeric, 2 to 81; median 34 (IQR 6-41)",4729,0,Taken directly from the recorded response,geographic distribution (Table 3.2),yes,,Documented in the project codebook
02_PersonWeeks,pub_transport_ord,"How much time the physician spends on public transport on a typical day, from the registration questionnaire (Supplement S1).",ordinal,0 = 3551; 1 = 413; 2 = 485; 3 = 280,4729,0,"Four ordered levels: 0 = usually none, 1 = up to 30 minutes, 2 = 31 to 90 minutes, 3 = more than 90 minutes. The instrument's 31-to-60 and 61-to-90 options are merged into level 2.",M4,yes,,Described in this appendix
02_PersonWeeks,pub_transport_user,"This person reported whether they use public transportation, with 51 saying yes and 197 saying no.",binary,0 = 3551; 1 = 1178,4729,0,"DERIVED from public_transport_time, under the pre-specified recode rules documented in Appendix A2 (Table S2 for this sheet).",M5,yes,,Described in this appendix
02_PersonWeeks,public_transport_time,"This shows how much time each day someone spends on public transportation, ranging from not using it at all to more than 90 minutes.",categorical (text),Genellikle toplu taşıma kullanmıyorum = 3551; 31-90 dakika = 454; 0-30 dakika = 413; 90 dakikadan fazla = 268; 31-60 dakika = 31; 61-90 dakika = 12,4729,0,Taken directly from the recorded response,,no,source or intermediate form of pub_transport_ord; the analysis uses pub_transport_ord,Documented in the project codebook
02_PersonWeeks,reg_week,"This shows the calendar week each patient was signed up for the study, such as week 45 of 2025.",categorical (text),26 distinct text categories; most frequent: 2025-W45 = 1039; 2025-W41 = 797; 2025-W37 = 501; 2025-W39 = 500,4729,0,Taken directly from the recorded response,accrual description (Figure 3.1.2),yes,,Described in this appendix
02_PersonWeeks,reported,Whether the registrant ever filed a weekly report during the season.,binary,1 = 4729,4729,0,"1 = at least one weekly report, 0 = none. 248 of 304 registrants.",M4,yes,,Described in this appendix
02_PersonWeeks,resident,"This shows whether the doctor was a resident (a physician still in training) when the study began, based on 54 out of the doctors surveyed.",binary,0 = 3923; 1 = 806,4729,0,"DERIVED from job_title, under the pre-specified recode rules documented in Appendix A2 (Table S2 for this sheet).",cohort description,yes,,Described in this appendix
02_PersonWeeks,respiratory_allergy,"This shows whether the person has a respiratory allergy, such as asthma or hay fever: 2,960 said no, and 1,754 said yes.",categorical (text),Hayır = 2960; Evet = 1754,4714,15,Taken directly from the recorded response,,no,source or intermediate form of allergy; the analysis uses allergy,Documented in the project codebook
02_PersonWeeks,school_kids,How many school-age children live in the physician's household.,ordinal,0 = 1931; 1 = 1352; 2 = 520; 3 = 46; 4 = 1,3850,879,Derived variable constructed for analysis,,no,source or intermediate form of school_kids_any; the analysis uses school_kids_any,Described in this appendix
02_PersonWeeks,school_kids_any,"Whether at least one school-age child lives in the physician's household, from the household composition question on the registration questionnaire (Supplement S1).",binary,0 = 2810; 1 = 1919,4729,0,"1 if the reported number of school-age children is one or more, else 0. Physicians who reported living alone and left the count blank are set to 0 (63 records, all with household size 1). 112 of 304 registrants.","M1, M4, M5, M6, M7, M8",yes,,Described in this appendix
02_PersonWeeks,sees_pat,"Whether the physician examines patients face to face, as opposed to working in a laboratory, consultative or non-clinical role, from the registration questionnaire (Supplement S1).",binary,0 = 2941; 1 = 1788,4729,0,"1 = face-to-face examination, 0 = not. 150 of 304 registrants; 112 of the 248 reporters, which is the occupational subgroup (cohort_112_primary).","M1, M4, M7; defines the 112 subgroup, M5",yes,,Described in this appendix
02_PersonWeeks,sees_patients,"This shows whether the physician examines patients in person, or instead works in a non-clinical role or as a consultant without direct patient contact.",categorical (text),Primer (yüz yüze) hasta muayene etmeyen - Klinik olmayan alan veya Konsültan (hasta ile doğrudan temas yok) = 2941; Primer (yüz yüze) hasta muayene eden hekim = 1788,4729,0,Taken directly from the recorded response,,no,source or intermediate form of sees_pat; the analysis uses sees_pat,Documented in the project codebook
02_PersonWeeks,sex,This column shows whether the physician is female (Kadın) or male (Erkek).,categorical (text),Kadın = 2939; Erkek = 1790,4729,0,Taken directly from the recorded response,cohort description,yes,,Described in this appendix
02_PersonWeeks,smoker_current,"Whether the physician currently uses tobacco, from the tobacco question on the registration questionnaire (Supplement S1).",binary,0 = 3872; 1 = 857,4729,0,"1 = current use (daily or occasional), 0 = never or former. 61 of 304; 49 of the 248 reporters.","M4, M5",yes,,Described in this appendix
02_PersonWeeks,smoker_regular,"1 if the physician uses tobacco every day, as opposed to occasionally or not at all.",binary,0 = 4375; 1 = 354,4729,0,"DERIVED from tobacco_status, under the pre-specified recode rules documented in Appendix A2 (Table S2 for this sheet).",,no,source or intermediate form of smoker_current; the analysis uses smoker_current,Described in this appendix
02_PersonWeeks,social_risk_score,"How many kinds of out-of-household close contact the physician has on a typical day - with more than ten children, more than ten adults aged 18 to 65, and more than ten people aged 65 or over - from the registration questionnaire (Supplement S1).",ordinal,0 = 1320; 1 = 3009; 2 = 299; 3 = 101,4729,0,"Sum of the three contact indicators, 0 to 3. Defined for the 248 reporters (0: 78, 1: 147, 2: 17, 3: 6); the 56 never-reporters are missing on this variable in 01_Physicians. Three physicians carry a score with the three component indicators blank, so the score cannot be recomputed from its components for those records.",M5; descriptive covariate profile (Table 3.15),yes,,Documented in this appendix
02_PersonWeeks,sought_care,"Whether the physician reported having sought health care for an influenza-like illness in the previous season, on the registration questionnaire (Supplement S1).",binary,0 = 3607; 1 = 1122,4729,0,"1 = at least one outpatient, emergency or inpatient contact; 0 = self-managed or no illness needing treatment.","M1, M5",yes,,Described in this appendix
02_PersonWeeks,source_healthcare,"This shows whether the flu case was linked to a healthcare setting, like a clinic or hospital, rather than another source.",binary,0 = 70; 1 = 27,97,4632,"DERIVED from source_text, under the pre-specified recode rules documented in Appendix A2 (Table S2 for this sheet).",attributed-source description (Figure 3.2.2),yes,,Documented in the project codebook
02_PersonWeeks,source_household,"This shows whether the flu case was likely caught from someone else in the same household, based on 39 cases marked yes and 58 marked no.",binary,0 = 58; 1 = 39,97,4632,"DERIVED from source_text, under the pre-specified recode rules documented in Appendix A2 (Table S2 for this sheet).",attributed-source description (Figure 3.2.2),yes,,Documented in the project codebook
02_PersonWeeks,source_social,"This shows whether the doctor first heard about flu cases through social media, with 28 saying yes and 69 saying no.",binary,0 = 69; 1 = 28,97,4632,"DERIVED from source_text, under the pre-specified recode rules documented in Appendix A2 (Table S2 for this sheet).",attributed-source description (Figure 3.2.2),yes,,Documented in the project codebook
02_PersonWeeks,source_text,"This shows how people think they were exposed, such as contact with a sick household member, healthcare settings, other outside contact, or not being sure.",categorical (text),"Hanehalkında semptomları olan biri ile temas = 33; Sağlık hizmeti veya hanehalkı dışında başka bir kaynakla temas (örn. sosyal ortam) = 22; Sağlık hizmeti ile ilişkili (Hastane; klinik; hasta teması vb.) = 18; Bilmiyorum / emin değilim = 14; Sağlık hizmeti ile ilişkili (Hastane; klinik; hasta teması vb.), Hanehalkında semptomları olan biri ile temas = 4; Sağlık hizmeti ile ilişkili (Hastane; klinik; hasta teması vb.), Sağlık hizmeti veya hanehalkı dışında başka bir kaynakla temas (örn. sosyal ortam) = 3; Hanehalkında semptomları olan biri ile temas, Sağlık hizmeti veya hanehalkı dışında başka bir kaynakla temas (örn. sosyal ortam) = 1; Sağlık hizmeti ile ilişkili (Hastane; klinik; hasta teması vb.); Sağlık hizmeti veya hanehalkı dışında başka bir kaynakla temas (örn. sosyal ortam) = 1; Sağlık hizmeti ile ilişkili (Hastane; klinik; hasta teması vb.), Hanehalkında semptomları olan biri ile temas, Sağlık hizmeti veya hanehalkı dışında başka bir kaynakla temas (örn. sosyal ortam) = 1",97,4632,Taken directly from the recorded response,attributed-source description (Figure 3.2.2),yes,,Documented in the project codebook
02_PersonWeeks,source_unknown,"This shows whether the doctor could not identify where the flu came from, with 14 cases marked as unknown source and 83 marked as known.",binary,0 = 83; 1 = 14,97,4632,"DERIVED from source_text, under the pre-specified recode rules documented in Appendix A2 (Table S2 for this sheet).",attributed-source description (Figure 3.2.2),yes,,Documented in the project codebook
02_PersonWeeks,symptom_duration_days,"This shows how many days a person's flu symptoms lasted, from as short as 1 day to as long as 21 days.",count,"numeric, 1 to 21; median 4 (IQR 3-6)",97,4632,Taken directly from the recorded response,clinical-course description (Table 3.10),yes,,Documented in the project codebook
02_PersonWeeks,symptom_raw,"The physician's own weekly answer, exactly as recorded: HAYIR = no symptoms, EVET = a new illness started, EVET2 = an illness that had already started is still going.",categorical (text),HAYIR = 4129; EVET = 497; EVET2 = 103,4729,0,Derived variable constructed for analysis,,no,source or intermediate form of new_episode; the analysis uses new_episode,Described in this appendix
02_PersonWeeks,symptom_status,"The weekly answer in English: none = no symptoms, new = a new illness started this week, ongoing = an illness from an earlier week continues.",categorical (text),none = 4129; new = 497; ongoing = 103,4729,0,"DERIVED from symptom_raw, under the pre-specified recode rules documented in Appendix A2 (Table S2 for this sheet).",,no,source or intermediate form of symptomatic; the analysis uses symptomatic,Documented in the project codebook
02_PersonWeeks,symptom_week_cluster,"This person's symptoms happened during time period ""B"", which was the most common period among those observed in the study.",categorical (text),B = 428; A = 97; C = 50; D = 25,600,4129,"DERIVED from agent_cluster, under the pre-specified recode rules documented in Appendix A2 (Table S2 for this sheet).",cluster assignment of symptomatic weeks,yes,,Described in this appendix
02_PersonWeeks,symptomatic,"Whether the physician reported influenza-like-illness symptoms in that week, whether or not the week began a new episode.",binary,0 = 4129; 1 = 600,4729,0,"1 = symptoms reported, 0 = none. 600 of 4,729 person-weeks.",M10,yes,,Described in this appendix
02_PersonWeeks,tobacco_status,"This shows whether the person never smoked, used to smoke, smokes occasionally, or smokes every day, with a few unknown.",categorical (text),never = 3127; former = 725; occasional = 503; daily = 354; unknown = 20,4729,0,"DERIVED from tobacco_use, under the pre-specified recode rules documented in Appendix A2 (Table S2 for this sheet).",,no,source or intermediate form of smoker_current; the analysis uses smoker_current,Described in this appendix
02_PersonWeeks,tobacco_use,"This shows whether the person has ever smoked, currently smokes sometimes, quit smoking (and roughly how long ago), or never smoked at all.",categorical (text),18 distinct text categories; most frequent: Hiç kullanmadım (Yaşamım boyunca 100'den az sigara içtim) = 3119; Eskiden kullanırdım (Yaşamım boyunca 100+ sigara içtim ancak şu anda kullanmıyorum) - Bırakma: >5 yıl = 520; Ara sıra kullanırım (haftada bazı günler; her gün değil) = 503; Eskiden kullanırdım (Yaşamım boyunca 100+ sigara içtim ancak şu anda kullanmıyorum) - Bırakma: 1 yıl önce = 134,4710,19,Taken directly from the recorded response,,no,source or intermediate form of smoker_current; the analysis uses smoker_current,Documented in the project codebook
02_PersonWeeks,tstart,The open-closed weekly risk interval that each filed report contributes to the recurrent-event model.,count,"numeric, 0 to 32; median 18 (IQR 10-25)",4729,0,"(tstart, tstop] in week units, 0 to 33, one interval per filed person-week.","M5, M6, M8",yes,,Described in this appendix
02_PersonWeeks,tstop,The open-closed weekly risk interval that each filed report contributes to the recurrent-event model.,count,"numeric, 1 to 33; median 19 (IQR 11-26)",4729,0,"(tstart, tstop] in week units, 0 to 33, one interval per filed person-week.","M5, M6, M8",yes,,Described in this appendix
02_PersonWeeks,university,"Whether the physician works in a university hospital, from the institution question on the registration questionnaire (Supplement S1).",binary,0 = 2483; 1 = 2246,4729,0,"1 = university hospital, 0 = other institution. 117 of 304; 105 of the 248 reporters.",M4,yes,,Described in this appendix
02_PersonWeeks,vaccine_this_season,"This shows whether a doctor got a flu vaccine this season, with about 1,874 saying yes and 2,843 saying no.",binary,0 = 2843; 1 = 1874,4717,12,"DERIVED from current-season vaccination answer, under the pre-specified recode rules documented in Appendix A2 (Table S2 for this sheet).",,no,source or intermediate form of vax; the analysis uses vax,Documented in the project codebook
02_PersonWeeks,vaccine_week,This shows which week of the year (from 1 to 52) the person received their flu vaccine.,count,"numeric, 1 to 52; median 44 (IQR 42-45)",1874,2855,Taken directly from the recorded response,,no,source or intermediate form of vax_week_idx; the analysis uses vax_week_idx,Documented in the project codebook
02_PersonWeeks,vax,"Whether the physician reported, on the registration questionnaire (Supplement S1), having received a seasonal influenza vaccination in the current season.",binary,0 = 2855; 1 = 1874,4729,0,"1 = yes, 0 = no. 101 of the 304 registrants; 91 of the 248 active reporters.",M1,yes,,Described in this appendix
02_PersonWeeks,vax_iso_week,"This shows the week of the year, from 1 to 52, when the doctor got their flu vaccine.",count,"numeric, 1 to 52; median 44 (IQR 42-45)",1874,2855,Taken directly from the recorded response,M6 exposure timing,yes,,Described in this appendix
02_PersonWeeks,vax_protected,"Whether, in that week, the physician was already vaccinated for the current season and enough time had passed for protection to have developed. The vaccination date came from the registration questionnaire (Supplement S1).",binary,0 = 3116; 1 = 1613,4729,0,"1 if the week index is at least two weeks after the recorded vaccination week, else 0. The two-week onset lag is applied without exception; weeks between vaccination and that point count as unprotected. 1,613 of 4,729 person-weeks protected; 21 of the 91 A-cluster episodes occur under protection.","M5, M6",yes,,Described in this appendix
02_PersonWeeks,vax_week_idx,The season week number (1–33) in which the physician was vaccinated; empty if not vaccinated.,count,"numeric, 1 to 16; median 6 (IQR 4-7)",1874,2855,"DERIVED from vax_iso_week, under the pre-specified recode rules documented in Appendix A2 (Table S2 for this sheet).",M6 exposure timing; cumulative coverage indicator,yes,,Described in this appendix
02_PersonWeeks,vuln_patients,"Whether the physician's patients are mainly people aged 65 and over or immunosuppressed, from the primary-patient-group question on the registration questionnaire (Supplement S1).",binary,0 = 1713; 1 = 75,1788,2941,"1 = mainly elderly or immunosuppressed, 0 = not. 5 of the 112.",descriptive (Table 3.8),yes,,Documented in this appendix
02_PersonWeeks,week,"The calendar week, written in the international ISO format (for example 2025-W40 means the 40th week of 2025).",categorical (text),33 distinct text categories; most frequent: 2026-W12 = 177; 2026-W13 = 171; 2026-W08 = 171; 2026-W11 = 168,4729,0,Taken directly from the recorded response,"M9, M10",yes,,Documented in the project codebook
02_PersonWeeks,week_end_date,"This shows the last day of each week covered by the survey data, ranging from October 5, 2025 to May 17, 2026.",categorical (text),33 distinct text categories; most frequent: 2026-03-22 = 177; 2026-03-29 = 171; 2026-02-22 = 171; 2026-03-15 = 168,4729,0,"DERIVED from week, under the pre-specified recode rules documented in Appendix A2 (Table S2 for this sheet).",week alignment,yes,,Documented in the project codebook
02_PersonWeeks,week_idx,"The position of the ISO week in the 33-week season, from W40/2025 as 1 to W20/2026 as 33.",count,"numeric, 1 to 33; median 19 (IQR 11-26)",4729,0,Integer 1 to 33.,"M9, M10",yes,,Documented in the project codebook
02_PersonWeeks,week_start_date,"This column shows the date each week began during the study period, from late September 2025 to mid-May 2026.",categorical (text),33 distinct text categories; most frequent: 2026-03-16 = 177; 2026-03-23 = 171; 2026-02-16 = 171; 2026-03-09 = 168,4729,0,"DERIVED from week, under the pre-specified recode rules documented in Appendix A2 (Table S2 for this sheet).",week alignment,yes,,Documented in the project codebook
02_PersonWeeks,weeks_since_prev_episode,"This shows how many weeks passed since this doctor's last flu-like illness began, ranging from 1 to 31 weeks; it's blank if there wasn't an earlier one.",count,"numeric, 1 to 31; median 5 (IQR 2-9)",2818,1911,Derived variable constructed for analysis,PWP gap-time model,yes,,Described in this appendix
03_Episodes,age,"This shows the physician's age, calculated from their birth year, ranging from 24 to 72 years old.",count,"numeric, 25 to 72; median 35 (IQR 32-45)",497,0,"DERIVED from birth_year, under the pre-specified recode rules documented in Appendix A2 (Table S2 for this sheet).",cohort description (Table 3.4),yes,,Described in this appendix
03_Episodes,age10,"The physician's age at the start of the season, from the year of birth given on the registration questionnaire (Supplement S1), rescaled so one unit is ten years.",continuous,"numeric, 2.5 to 7.2; median 3.5 (IQR 3.2-4.5)",497,0,(2025 minus year of birth) / 10; range 2.4 to 7.2.,"M1, M4, M5, M6, M7, M8",yes,,Described in this appendix
03_Episodes,agent_cluster,"The clinician's judgement of what most likely caused the illness, in four groups: A viral with whole-body effects (flu-like), B viral affecting one area (such as a common cold), C bacterial, D cannot tell.",categorical (text),B KÜMESİ (Viral - Lokal Etki) = 341; A KÜMESİ (Viral - Sistemik Etki) = 91; C KÜMESİ (Bakteriyel etkenler) = 43; D Kümesi: Ayırt edemem/Bilmiyorum = 22,497,0,Taken directly from the recorded response,M6 cluster-specific contrasts,yes,,Documented in the project codebook
03_Episodes,any_test,Whether the patient had any diagnostic test done during their illness (most did not).,binary,0 = 492; 1 = 5,497,0,"DERIVED from diagnostic_test, under the pre-specified recode rules documented in Appendix A2 (Table S2 for this sheet).","diagnostic-testing description, Table 3.10",yes,,Described in this appendix
03_Episodes,any_work_absence,"This shows whether the person's daily routine or work was disrupted at all during their illness, with most people reporting no disruption.",binary,0 = 468; 1 = 29,497,0,"DERIVED from daily_routine_impact, under the pre-specified recode rules documented in Appendix A2 (Table S2 for this sheet).","presenteeism description of A-cluster episodes, Table 3.10",yes,,Described in this appendix
03_Episodes,cluster_label,"This shows which illness group a patient was placed in — such as a viral infection with mainly local symptoms, viral with body-wide (flu-like) symptoms, a bacterial infection, or unknown.",categorical (text),B: Viral-Local = 341; A: Viral-Systemic (ILI proxy) = 91; C: Bacterial = 43; D: Unknown = 22,497,0,"DERIVED from agent_cluster, under the pre-specified recode rules documented in Appendix A2 (Table S2 for this sheet).",,no,source or intermediate form of cluster_letter; the analysis uses cluster_letter,Described in this appendix
03_Episodes,cluster_letter,"Just the letter of the cause group: A, B, C or D.",categorical (text),B = 341; A = 91; C = 43; D = 22,497,0,Derived variable constructed for analysis,M6 cluster-specific contrasts,yes,,Described in this appendix
03_Episodes,duration_weeks,"This shows how many weeks the illness episode lasted, either 1 week or 2 weeks.",ordinal,1 = 394; 2 = 103,497,0,Derived variable constructed for analysis,episode-duration description,yes,,Described in this appendix
03_Episodes,end_week,"This shows the calendar week in which a person's illness episode ended, such as the ninth week of 2026.",categorical (text),33 distinct text categories; most frequent: 2026-W09 = 22; 2026-W17 = 22; 2026-W01 = 22; 2026-W13 = 21,497,0,"DERIVED from week, under the pre-specified recode rules documented in Appendix A2 (Table S2 for this sheet).",episode timing,yes,,Described in this appendix
03_Episodes,end_week_idx,"This shows how many weeks into the flu season the illness episode ended, ranging from week 1 to week 33.",count,"numeric, 1 to 33; median 19 (IQR 12-26)",497,0,"DERIVED from end_week, under the pre-specified recode rules documented in Appendix A2 (Table S2 for this sheet).",episode timing,yes,,Described in this appendix
03_Episodes,episode_id,"Code for one illness episode, so the weeks belonging to the same illness can be grouped together.",categorical (text),497 distinct text categories; most frequent: HEKIM-03024MPJ5_E1 = 1; HEKIM-NSTDPNPLB_E4 = 1; HEKIM-OTH8S4R62_E1 = 1; HEKIM-OQA8LDTUO_E4 = 1,497,0,"DERIVED from participant_id, under the pre-specified recode rules documented in Appendix A2 (Table S2 for this sheet).","M5, M6 episode ordering",yes,,Documented in the project codebook
03_Episodes,female,The physician's sex as recorded on the registration questionnaire (Supplement S1).,binary,0 = 169; 1 = 328,497,0,"1 = female, 0 = male. 195 of 304 registrants; 165 of the 248 reporters.","M1, M4, M7, M5",yes,,Described in this appendix
03_Episodes,max_symptom_days,"This shows the longest number of days a patient reported having symptoms during their illness, but this information was missing for most patients.",count,"numeric, 1 to 21; median 4 (IQR 3-6)",91,406,"DERIVED from symptom_duration_days, under the pre-specified recode rules documented in Appendix A2 (Table S2 for this sheet).","symptom-duration description, Table 3.10",yes,,Described in this appendix
03_Episodes,onset_week_idx,This shows the week of the season (1 to 33) when symptoms began.,count,"numeric, 1 to 33; median 19 (IQR 12-26)",497,0,"DERIVED from start_week_idx, under the pre-specified recode rules documented in Appendix A2 (Table S2 for this sheet).",M6 exposure timing,yes,,Described in this appendix
03_Episodes,participant_id,The masked identifier that links a physician's weekly reports to one another.,categorical (text),192 distinct text categories; most frequent: HEKIM-Y6SIYW4IS = 12; HEKIM-QWGNXGAIE = 11; HEKIM-91DX2UUZM = 8; HEKIM-3BEA3LAQB = 8,497,0,"Character identifier; 304 registrants, 248 with at least one filed report.","M5, M6, M8 frailty; M10 random intercept",yes,,Described in this appendix
03_Episodes,reported,Whether the registrant ever filed a weekly report during the season.,binary,1 = 497,497,0,"1 = at least one weekly report, 0 = none. 248 of 304 registrants.",M4,yes,,Described in this appendix
03_Episodes,sees_pat,"Whether the physician examines patients face to face, as opposed to working in a laboratory, consultative or non-clinical role, from the registration questionnaire (Supplement S1).",binary,0 = 295; 1 = 202,497,0,"1 = face-to-face examination, 0 = not. 150 of 304 registrants; 112 of the 248 reporters, which is the occupational subgroup (cohort_112_primary).","M1, M4, M7; defines the 112 subgroup, M5",yes,,Described in this appendix
03_Episodes,source_healthcare_any,"This shows whether a person's information came from a doctor, hospital, or other health service, with most people saying no.",binary,0 = 66; 1 = 25,91,406,"DERIVED from source_healthcare, under the pre-specified recode rules documented in Appendix A2 (Table S2 for this sheet).",,no,source or intermediate form of source_healthcare; the analysis uses source_healthcare,Described in this appendix
03_Episodes,source_household_any,This tells whether anyone in the person's household was identified as a possible source of the flu-like illness during this episode.,binary,0 = 54; 1 = 37,91,406,"DERIVED from source_household, under the pre-specified recode rules documented in Appendix A2 (Table S2 for this sheet).",,no,source or intermediate form of source_household; the analysis uses source_household,Described in this appendix
03_Episodes,source_social_any,"This shows whether a person may have caught the flu from a social setting, like an event or gathering with other people.",binary,0 = 65; 1 = 26,91,406,"DERIVED from source_social, under the pre-specified recode rules documented in Appendix A2 (Table S2 for this sheet).",,no,source or intermediate form of source_social; the analysis uses source_social,Described in this appendix
03_Episodes,start_date,"This shows the date each week began when a person's flu symptoms were tracked, covering late September 2025 through mid-May 2026.",categorical (text),33 distinct text categories; most frequent: 2026-02-23 = 24; 2026-04-06 = 24; 2026-04-20 = 24; 2026-03-16 = 22,497,0,"DERIVED from start_week, under the pre-specified recode rules documented in Appendix A2 (Table S2 for this sheet).",,no,source or intermediate form of start_week; the analysis uses start_week,Described in this appendix
03_Episodes,start_week,"This shows the calendar week each person's illness symptoms began, with the number of cases starting in that week.",categorical (text),33 distinct text categories; most frequent: 2026-W09 = 24; 2026-W15 = 24; 2026-W17 = 24; 2026-W12 = 22,497,0,"DERIVED from week, under the pre-specified recode rules documented in Appendix A2 (Table S2 for this sheet).",episode timing,yes,,Described in this appendix
03_Episodes,start_week_idx,This shows which week of the flu season (numbered 1 to 33) a patient's illness began.,count,"numeric, 1 to 33; median 19 (IQR 12-26)",497,0,Derived variable constructed for analysis,episode timing,yes,,Described in this appendix
03_Episodes,under_vax_protection,1 if the illness began during a week when the physician's vaccine was already working (two or more weeks after vaccination).,binary,0 = 333; 1 = 164,497,0,Derived variable constructed for analysis,M6 exposure classification at episode onset,yes,,Described in this appendix
03_Episodes,vax,"Whether the physician reported, on the registration questionnaire (Supplement S1), having received a seasonal influenza vaccination in the current season.",binary,0 = 305; 1 = 192,497,0,"1 = yes, 0 = no. 101 of the 304 registrants; 91 of the 248 active reporters.",M1,yes,,Described in this appendix
03_Episodes,vax_protected,"Whether, in that week, the physician was already vaccinated for the current season and enough time had passed for protection to have developed. The vaccination date came from the registration questionnaire (Supplement S1).",binary,0 = 333; 1 = 164,497,0,"1 if the week index is at least two weeks after the recorded vaccination week, else 0. The two-week onset lag is applied without exception; weeks between vaccination and that point count as unprotected. 1,613 of 4,729 person-weeks protected; 21 of the 91 A-cluster episodes occur under protection.","M5, M6",yes,,Described in this appendix
03_Episodes,vax_week_idx,The season week number (1–33) in which the physician was vaccinated; empty if not vaccinated.,count,"numeric, 1 to 16; median 6 (IQR 4-7)",192,305,"DERIVED from vax_iso_week, under the pre-specified recode rules documented in Appendix A2 (Table S2 for this sheet).",M6 exposure timing; cumulative coverage indicator,yes,,Described in this appendix
04_WeeklySystem,A_rate_per1000_pw,"This shows how many new flu type A cases occurred for every 1,000 person-weeks of observation, allowing fair comparison across time periods.",continuous,"numeric, 0 to 45.4545; median 19.3548 (IQR 12.0482-27.2109)",33,0,1000 × n_new_A / pw_at_risk_new,weekly A-cluster rate indicator,yes,,Described in this appendix
04_WeeklySystem,file_matches_recomputed_ILI,TRUE if the value in the original two-system file equals the value the dataset build recalculated from the raw weekly answers. TRUE in all 33 weeks.,binary,1 = 33,33,0,Derived variable constructed for analysis,,no,provenance / reconciliation field of the dataset build; not an analysis variable,Described in this appendix
04_WeeklySystem,file_matches_recomputed_Vaka,TRUE if the flu-like count in the original two-system file equals the dataset build's recalculation. TRUE in all 33 weeks.,binary,1 = 33,33,0,Derived variable constructed for analysis,,no,provenance / reconciliation field of the dataset build; not an analysis variable,Described in this appendix
04_WeeklySystem,file_salgintr_ILI,"The participatory count as it appears in the original two-system file. the dataset build confirmed it equals new illnesses of ANY cause group (season total 497), not flu-like ones only.",count,"numeric, 7 to 24; median 15 (IQR 12-17)",33,0,Taken directly from the recorded response,,no,provenance / reconciliation field of the dataset build; not an analysis variable,Described in this appendix
04_WeeklySystem,file_salgintr_Vaka,The flu-like count as it appears in the original two-system file. the dataset build confirmed it equals new group-A illnesses (season total 91).,count,0 = 2; 1 = 7; 2 = 6; 3 = 7; 4 = 6; 5 = 3; 6 = 2,33,0,Taken directly from the recorded response,,no,provenance / reconciliation field of the dataset build; not an analysis variable,Described in this appendix
04_WeeklySystem,ili_rate_per1000_pw,"This shows how many new flu-like illness cases occurred for every 1,000 weeks that people were tracked, ranging from about 49 to 182.",continuous,"numeric, 49.3827 to 181.818; median 103.03 (IQR 92.1053-124.294)",33,0,1000 × n_new_episodes / pw_at_risk_new,weekly incidence indicator; discrimination row of Table 3.21,yes,,Described in this appendix
04_WeeklySystem,n_new_A,"This shows how many new flu-like illness cases were reported each week, with counts ranging from 0 to 6.",count,0 = 2; 1 = 7; 2 = 6; 3 = 7; 4 = 6; 5 = 3; 6 = 2,33,0,Derived variable constructed for analysis,M9 numerator,yes,,Described in this appendix
04_WeeklySystem,n_new_B,"This shows how many new group-B flu cases were reported that week, ranging from 2 to 20 across the study.",count,"numeric, 2 to 20; median 10 (IQR 8-12)",33,0,"DERIVED from event_B, under the pre-specified recode rules documented in Appendix A2 (Table S2 for this sheet).","weekly cluster mix, Table 3.19 / Figure 3.3.1",yes,,Described in this appendix
04_WeeklySystem,n_new_C,"This shows how many new ""cluster-C"" flu cases were reported that week, ranging from 0 to 4 cases.",ordinal,0 = 7; 1 = 14; 2 = 8; 3 = 3; 4 = 1,33,0,"DERIVED from event_C, under the pre-specified recode rules documented in Appendix A2 (Table S2 for this sheet).","weekly cluster mix, Figure 3.3.1",yes,,Described in this appendix
04_WeeklySystem,n_new_D,"This shows how many new cluster-D flu cases were reported that week, with most weeks having none, one, or two cases.",ordinal,0 = 17; 1 = 11; 2 = 4; 3 = 1,33,0,"DERIVED from event_D, under the pre-specified recode rules documented in Appendix A2 (Table S2 for this sheet).","weekly cluster mix, Figure 3.3.1",yes,,Described in this appendix
04_WeeklySystem,n_new_episodes,"This shows how many new flu-like illness cases were reported by participating doctors that week, ranging from 7 to 24 cases.",count,"numeric, 7 to 24; median 15 (IQR 12-17)",33,0,Derived variable constructed for analysis,"M9, indicator denominator",yes,,Described in this appendix
04_WeeklySystem,n_protected,"This number shows how many person-weeks that week's flu-shot protection was estimated to cover, ranging from 0 to 74.",count,"numeric, 0 to 74; median 59 (IQR 46-66)",33,0,"DERIVED from vax_protected, under the pre-specified recode rules documented in Appendix A2 (Table S2 for this sheet).",weekly vaccine-protected person-time indicator,yes,,Described in this appendix
04_WeeklySystem,n_reporters,"How many physicians filed a report that week. This grows from 44 in the first week to a plateau of roughly 150–177 from week 2025-W48 onward, so raw weekly counts must never be read as a trend without dividing by this.",count,"numeric, 44 to 177; median 157 (IQR 146-164)",33,0,Derived variable constructed for analysis,participation indicator,yes,,Described in this appendix
04_WeeklySystem,n_sym_A,"This shows how many weeks each physician reported symptoms matching Cluster A during the study period, out of a possible 7 weeks.",count,0 = 2; 1 = 5; 2 = 7; 3 = 7; 4 = 7; 5 = 2; 6 = 2; 7 = 1,33,0,Derived variable constructed for analysis,"weekly A-cluster symptomatic count, Figure 3.6.1",yes,,Described in this appendix
04_WeeklySystem,n_symptomatic,"This shows how many person-weeks that week had someone reporting flu-like symptoms, ranging from 8 to 27.",count,"numeric, 8 to 27; median 19 (IQR 14-21)",33,0,"DERIVED from symptomatic, under the pre-specified recode rules documented in Appendix A2 (Table S2 for this sheet).",symptomatic-prevalence indicator,yes,,Described in this appendix
04_WeeklySystem,pct_A_of_new_episodes,The share of the week's incident influenza-like-illness episodes that the reporting physicians judged to be viral systemic.,continuous,"numeric, 0 to 62.5; median 18.75 (IQR 10-25)",33,0,"100 x n_new_A / n_new_episodes. Weekly median 18.75%, range 0 to 62.5%; season 91/497 = 18.31%. Compared with the sentinel positivity on identically smoothed series.",M9,yes,,Described in this appendix
04_WeeklySystem,person_weeks,"This row shows how many doctors reported data that week, ranging from 44 to 177, used to calculate other weekly rates.",count,"numeric, 44 to 177; median 157 (IQR 146-164)",33,0,Derived variable constructed for analysis,participation indicator,yes,,Described in this appendix
04_WeeklySystem,pw_at_risk_new,"The number of physician-weeks that could have started a new illness that week (weeks where an illness was already running are excluded). Season total 4,626. This is the correct denominator for incidence.",count,"numeric, 44 to 174; median 153 (IQR 142-162)",33,0,"Weekly sum of at_risk_new_episode — season total 4626, verified against person_week","M5, M6, M8 denominator; every rate per 100 at-risk person-weeks",yes,,Described in this appendix
04_WeeklySystem,sb_ili_consultations,"How many flu-like illness visits the national Ministry of Health sentinel clinics recorded that week. Season total 3,779.",count,"numeric, 53 to 220; median 113 (IQR 80-134)",33,0,Derived variable constructed for analysis,M9 (denominator),yes,,Described in this appendix
04_WeeklySystem,sb_positive_cases,How many of the national sentinel samples tested positive for flu that week. Season total 739.,count,"numeric, 1 to 126; median 12 (IQR 5-20)",33,0,Derived variable constructed for analysis,M9 (numerator),yes,,Described in this appendix
04_WeeklySystem,sb_positivity_pct,The national sentinel positivity for the week: laboratory-confirmed influenza and SARS-CoV-2 among specimens taken from sentinel influenza-like-illness consultations.,continuous,"numeric, 0.900901 to 57.2727; median 11.0092 (IQR 6.57895-15.2672)",33,0,"100 x sb_positive_cases / sb_ili_consultations. Season 739/3,779 = 19.56%; weekly range 0.90 to 57.27%. External series from the European Respiratory Virus Surveillance Summary export.",M9,yes,,Described in this appendix
04_WeeklySystem,sym_prevalence_pct,"Out of every 100 person-weeks tracked, between about 6 and 18 involved someone reporting flu-like symptoms, including symptoms that carried over from earlier weeks.",continuous,"numeric, 5.73248 to 18.1818; median 12.7273 (IQR 11.3333-14.7651)",33,0,Derived variable constructed for analysis,weekly symptomatic-prevalence indicator,yes,,Described in this appendix
04_WeeklySystem,week,"The calendar week, written in the international ISO format (for example 2025-W40 means the 40th week of 2025).",categorical (text),33 distinct text categories; most frequent: 2025-W40 = 1; 2026-W05 = 1; 2026-W19 = 1; 2026-W18 = 1,33,0,Taken directly from the recorded response,"M9, M10",yes,,Documented in the project codebook
04_WeeklySystem,week_end_date,"This shows the last day of each week covered by the survey data, ranging from October 5, 2025 to May 17, 2026.",categorical (text),33 distinct text categories; most frequent: 2025-10-05 = 1; 2026-02-01 = 1; 2026-05-10 = 1; 2026-05-03 = 1,33,0,"DERIVED from week, under the pre-specified recode rules documented in Appendix A2 (Table S2 for this sheet).",week alignment,yes,,Documented in the project codebook
04_WeeklySystem,week_idx,"The position of the ISO week in the 33-week season, from W40/2025 as 1 to W20/2026 as 33.",count,"numeric, 1 to 33; median 17 (IQR 9-25)",33,0,Integer 1 to 33.,"M9, M10",yes,,Documented in the project codebook
04_WeeklySystem,week_start_date,"This column shows the date each week began during the study period, from late September 2025 to mid-May 2026.",categorical (text),33 distinct text categories; most frequent: 2025-09-29 = 1; 2026-01-26 = 1; 2026-05-04 = 1; 2026-04-27 = 1,33,0,"DERIVED from week, under the pre-specified recode rules documented in Appendix A2 (Table S2 for this sheet).",week alignment,yes,,Documented in the project codebook
05_RecodedIndividual,aerosol,This shows how often a doct,categorical (text),Hiç gerçekleştirmiyor = 68; %10'dan az = 27; %20'den fazla = 10; %10-20 = 7,112,136,Taken directly from the recorded response,,no,source or intermediate form of aerosol_ord; the analysis uses aerosol_ord,Described in this appendix
05_RecodedIndividual,age,"This shows the physician's age, calculated from their birth year, ranging from 24 to 72 years old.",count,"numeric, 25 to 72; median 36 (IQR 32.75-48)",248,0,"DERIVED from birth_year, under the pre-specified recode rules documented in Appendix A2 (Table S2 for this sheet).",cohort description (Table 3.4),yes,,Described in this appendix
05_RecodedIndividual,alerji,"This shows whether each doctor reported having allergies, with 96 saying yes and 152 saying no.",categorical (text),Hayır = 152; Evet = 96,248,0,Taken directly from the recorded response,,no,source or intermediate form of allergy; the analysis uses allergy,Described in this appendix
05_RecodedIndividual,bu_sezon_asi,"This shows whether the doctor got a flu vaccine this season, with 91 saying yes and 157 saying no.",binary,0 = 157; 1 = 91,248,0,"DERIVED from current-season vaccination answer, under the pre-specified recode rules documented in Appendix A2 (Table S2 for this sheet).",,no,source or intermediate form of vax; the analysis uses vax,Described in this appendix
05_RecodedIndividual,fiziksel_aktivite,"This column shows whether the person reported doing physical activity, with answers of ""Yes"" or ""No.""",categorical (text),Hayır = 131; Evet = 117,248,0,Taken directly from the recorded response,,no,source or intermediate form of active; the analysis uses active,Described in this appendix
05_RecodedIndividual,gorev_unvan,"This shows the doctor's job title or level of specialty training, such as specialist, academic, resident, or general practitioner.",categorical (text),Uzman hekim / Yan dal uzmanı hekim = 90; Akademik ünvanı olan hekim = 89; Araştırma görevlisi (ana dal veya yan dal) hekim = 44; Pratisyen hekim = 25,248,0,Taken directly from the recorded response,,no,source or intermediate form of job_title; the analysis uses job_title,Described in this appendix
05_RecodedIndividual,gunluk_hasta,"This shows how many patients a physician saw on a given day, ranging from 1 to 100.",count,"numeric, 1 to 100; median 20 (IQR 10-40)",110,138,Taken directly from the recorded response,,no,source or intermediate form of pat_per_day; the analysis uses pat_per_day,Described in this appendix
05_RecodedIndividual,hane_riskli,"This shows whether the person's household was considered at higher risk, though we don't know exactly what made a household ""risky"" in this study.",ordinal,1 = 71; 2 = 177,248,0,"Household member at high risk, as used by the vaccination-uptake specification of record. Derived from household_highrisk: a missing response is set to 0, because the instrument only asks about OTHER household members and a physician living alone therefore has no response. The reference group is consequently a mixture of multi-person households with nobody at high risk and physicians living alone. This is a stated coding decision, not an imputation of unknown status; it is what gives the 242-physician complete-case sample of the uptake model.",M1,yes,,Described in this appendix
05_RecodedIndividual,hh,"The number of people living in the physician's household, from the registration questionnaire (Supplement S1).",ordinal,1 = 47; 2 = 81; 3 = 71; 4 = 38; 5 = 8; 6 = 3,248,0,"Count, 1 to 6 (6 denotes six or more).",—,yes,,Described in this appendix
05_RecodedIndividual,il_plaka,"This column shows the numbered code for the Turkish province where each physician is located, using official province numbers from 1 to 81.",count,"numeric, 2 to 81; median 34 (IQR 6-41)",248,0,Taken directly from the recorded response,geographic distribution (Table 3.2),yes,,Described in this appendix
05_RecodedIndividual,ili_siklik,"This shows how often the person had flu-like illness in a year, ranging from never to more than six times.",categorical (text),Yılda 1-2 defa = 156; Yılda 3-4 defa = 70; Yılda 5-6 defa = 11; Hiç = 8; Yılda 6'dan fazla defa = 3,248,0,Taken directly from the recorded response,,no,source or intermediate form of ili_freq_ord4; the analysis uses ili_freq_ord4,Described in this appendix
05_RecodedIndividual,komorbidite,"This shows whether the person had other existing health conditions, such as breathing, mental health, or hormone-related issues, or none at all.",categorical (text),13 distinct text categories; most frequent: Hiçbiri = 189; Çoklu durum (≥2) = 15; Solunum sistemi hastalığı = 13; Ruhsal bozukluk = 9,248,0,Taken directly from the recorded response,,no,source or intermediate form of comp_risk_any_nan; the analysis uses comp_risk_any_nan,Described in this appendix
05_RecodedIndividual,kurum_birim,"This shows the type of health facility where the physician works, such as a university hospital, health ministry hospital, family health center, or private clinic.",categorical (text),Üniversite (Kamu ya da Vakıf) - Hastane = 105; Sağlık Bakanlığı: Merkez - İl Sağlık Müdürlüğü - İlçe Sağlık Müdürlüğü - 112 Komuta Kontrol Birimi = 61; Sağlık Bakanlığı - Hastane = 56; Sağlık Bakanlığı: Aile Sağlığı Merkezi = 16; Özel Hastane / Klinik = 10,248,0,Taken directly from the recorded response,,no,source or intermediate form of institution_type; the analysis uses institution_type,Described in this appendix
05_RecodedIndividual,maske,"This shows whether the person wore a mask, based on answers of ""Yes"" (Evet) or ""No"" (Hayır).",categorical (text),Hayır = 69; Evet = 43,112,136,Taken directly from the recorded response,,no,source or intermediate form of mask; the analysis uses mask,Described in this appendix
05_RecodedIndividual,muayene_katilim,"This shows whether the doctor examines patients face-to-face directly, or works in a non-clinical or consulting role without direct patient contact.",categorical (text),Primer (yüz yüze) hasta muayene etmeyen - Klinik olmayan alan veya Konsültan (hasta ile doğrudan temas yok) = 136; Primer (yüz yüze) hasta muayene eden hekim = 112,248,0,Taken directly from the recorded response,,no,source or intermediate form of sees_pat; the analysis uses sees_pat,Described in this appendix
05_RecodedIndividual,nobet,"This shows how many on-call shifts each doctor worked, with most reporting none and a few reporting up to nine.",count,0 = 84; 1 = 4; 2 = 4; 3 = 1; 4 = 4; 5 = 5; 6 = 1; 7 = 4; 8 = 4; 9 = 1,112,136,Taken directly from the recorded response,,no,source or intermediate form of oncall_n; the analysis uses oncall_n,Described in this appendix
05_RecodedIndividual,okul_cocuk,"This shows how many school-age children live in the person's household, ranging from none to four.",ordinal,0 = 148; 1 = 73; 2 = 23; 3 = 3; 4 = 1,248,0,Taken directly from the recorded response,,no,source or intermediate form of school_kids_any; the analysis uses school_kids_any,Described in this appendix
05_RecodedIndividual,onceki_asi,"This shows whether the person had received a flu vaccine before, with 1 meaning yes and 0 meaning no.",binary,0 = 149; 1 = 99,248,0,"DERIVED from preceding-season vaccination answer, under the pre-specified recode rules documented in Appendix A2 (Table S2 for this sheet).",,no,source or intermediate form of prev_vax; the analysis uses prev_vax,Described in this appendix
05_RecodedIndividual,pid,"This is a unique code identifying the participating physician, used to keep each doctor's records separate without revealing who they are.",categorical (text),248 distinct text categories; most frequent: HEKIM-1OAAK8Y15 = 1; HEKIM-8TE1TZONK = 1; HEKIM-LL8ZZCFRC = 1; HEKIM-QR60U8T2R = 1,248,0,Taken directly from the recorded response,,no,source or intermediate form of participant_id; the analysis uses participant_id,Described in this appendix
05_RecodedIndividual,primer,"Whether this physician examines patients face to face, recorded in the original Turkish wording.",binary,0 = 136; 1 = 112,248,0,"DERIVED from muayene_katilim, under the pre-specified recode rules documented in Appendix A2 (Table S2 for this sheet).",,no,source or intermediate form of sees_pat; the analysis uses sees_pat,Described in this appendix
05_RecodedIndividual,primer_hasta_grubu,"This shows which patient group someone belonged to when first seen: adult, child, age 65 or older, or having a weakened immune system.",categorical (text),Erişkin = 87; Çocuk = 20; 65 yaş ve üzeri = 4; İmmünsüprese = 1,112,136,Taken directly from the recorded response,,no,source or intermediate form of primary_patient_group; the analysis uses primary_patient_group,Described in this appendix
05_RecodedIndividual,riskli_birim,"This shows whether the physician works in a hospital unit considered higher-risk for flu exposure, such as Infectious Diseases, Family Medicine, Pediatrics, Emergency, Anesthesia/ICU, or Chest Diseases, or in none.",categorical (text),Hiçbiri = 36; Enfeksiyon Hastalıkları ve Klinik Mikrobiyoloji = 26; Aile Hekimliği = 20; Pediatri = 14; Acil Servis = 6; Anestezi ve Reanimasyon / Yoğun Bakım = 6; Göğüs Hastalıkları = 4,112,136,Taken directly from the recorded response,,no,source or intermediate form of high_risk_unit; the analysis uses high_risk_unit,Described in this appendix
05_RecodedIndividual,saglik_basvuru,"This shows whether the person visited a health facility last year for flu-like illness, treated themselves, or had no such illness at all.",categorical (text),Kendi tedavimi düzenledim; geçtiğimiz yıl bir sağlık kuruluşuna başvurmadım. = 146; Tedavi ihtiyacı gerektirecek grip benzeri bir hastalık geçirmedim. = 47; Bir meslektaşımın elektif görüşü için geçtiğimiz yıl  acil polikliniği hariç bir sağlık kuruluşuna en az 1 kere ayaktan başvurdum. = 40; Acil polikliniğe en az 1 kere başvurdum ve yatış gerektiren tedavi gerekmedi. = 14; En az 1 kere yatış gerektiren tedavi aldım. = 1,248,0,Taken directly from the recorded response,,no,source or intermediate form of sought_care; the analysis uses sought_care,Described in this appendix
05_RecodedIndividual,sex,This column shows whether the physician is female (Kadın) or male (Erkek).,categorical (text),Kadın = 165; Erkek = 83,248,0,Taken directly from the recorded response,cohort description,yes,,Described in this appendix
05_RecodedIndividual,temas_cocuk,"This shows whether the person had contact with a child, with 15 people reporting contact and 233 re",binary,0 = 233; 1 = 15,248,0,"DERIVED from social contact answer, under the pre-specified recode rules documented in Appendix A2 (Table S2 for this sheet).",,no,source or intermediate form of contact_children_10plus; the analysis uses contact_children_10plus,Described in this appendix
05_RecodedIndividual,temas_eriskin,NOT DOCUMENTED — no definition exists in any supplied file and it has not been possible to infer one safely. Do not use this column without asking the study team.,binary,0 = 84; 1 = 164,248,0,"DERIVED from social contact answer, under the pre-specified recode rules documented in Appendix A2 (Table S2 for this sheet).",,no,source or intermediate form of contact_adults_10plus; the analysis uses contact_adults_10plus,Described in this appendix
05_RecodedIndividual,temas_yasli,"This shows whether the physician reported contact with an elderly person, with most reporting no such contact.",binary,0 = 228; 1 = 20,248,0,"DERIVED from social contact answer, under the pre-specified recode rules documented in Appendix A2 (Table S2 for this sheet).",,no,source or intermediate form of contact_elderly_10plus; the analysis uses contact_elderly_10plus,Described in this appendix
05_RecodedIndividual,toplu_tasima,"This shows how much time each day the person usually spends using public transportation, or that they usually don't use it at all.",categorical (text),Genellikle toplu taşıma kullanmıyorum = 197; 31-90 dakika = 24; 0-30 dakika = 16; 90 dakikadan fazla = 11,248,0,Taken directly from the recorded response,,no,source or intermediate form of pub_transport_ord; the analysis uses pub_transport_ord,Described in this appendix
05_RecodedIndividual,tutun,"This shows whether the person has ever smoked tobacco, such as never, quit, occasionally, or every day.",categorical (text),Hiç kullanmadım = 165; Eskiden kullanırdım (bırakmış) = 34; Ara sıra kullanırım = 29; Eskiden/Halen kullanıyor (paket-yıl girdi) = 19; Her gün kullanırım = 1,248,0,Taken directly from the recorded response,,no,source or intermediate form of smoker_current; the analysis uses smoker_current,Described in this appendix
